__id__,AX1,AX2,AX3,AY1,AY2,AY3,AZ1,AZ2,AZ3,EMG,GX1,GX2,GX3,GY1,GY2,GY3,GZ1,GZ2,GZ3,labels
19:24:44,9.96,9.91,9.97,0.81,0.81,0.81,-0.68,-0.72,-0.74,355,-0.14,-0.15,-0.15,0.09,0.09,0.09,-0.04,-0.04,-0.04,
19:24:47,10.14,10.13,10.12,0.78,0.73,0.72,-0.55,-0.5,-0.48,413,-0.01,-0.01,-0.01,-0.01,-0.02,-0.02,0,-0.01,0,
19:24:49,10.06,9.98,10.07,0.53,0.57,0.57,-0.49,-0.38,-0.41,440,-0.17,-0.16,-0.16,0.03,0.03,0.02,-0.08,-0.08,-0.08,
19:24:51,10.15,10.12,10.14,0.44,0.51,0.5,-0.19,-0.28,-0.29,460,-0.08,-0.07,-0.06,-0.02,-0.02,-0.01,-0.01,0,0,
19:24:53,9.9,10.01,9.9,1.04,1.08,1.12,-0.1,-0.25,-0.32,397,-0.28,-0.26,-0.28,0.04,0.04,0.05,0.07,0.09,0.08,
19:24:56,9.89,9.88,9.9,0.91,0.89,0.84,0.96,0.86,0.9,391,-0.15,-0.16,-0.17,0,-0.01,-0.02,-0.01,-0.01,-0.02,
19:24:58,10.21,10.27,10.23,0.47,0.35,0.33,-0.26,-0.05,-0.25,447,-0.22,-0.21,-0.21,0.02,0.03,0.03,0.07,0.08,0.09,
19:25:00,10.05,10.04,10,0.66,0.66,0.69,-0.21,-0.31,-0.31,300,-0.09,-0.1,-0.1,0.03,0.03,0.03,-0.01,-0.01,-0.01,
19:25:02,10.17,10.18,10.11,0.19,0.41,0.5,-0.31,-0.45,-0.29,391,0.19,0.2,0.22,0,-0.01,0.02,-0.01,-0.01,-0.01,
19:25:04,9.9,9.88,9.9,0.57,0.64,0.66,0.09,0.1,0.07,417,-0.07,-0.08,-0.09,0,0,0.01,0,0,0,
19:25:06,9.94,9.9,9.89,0.24,0.37,0.3,-0.08,-0.15,-0.05,426,-0.02,-0.02,-0.01,0.03,0.04,0.04,0.06,0.05,0.05,
19:25:09,10.02,10.08,10.13,0.17,0.1,0.08,0.02,-0.03,0.07,427,-0.17,-0.18,-0.18,0.01,0.02,0.03,-0.04,-0.03,-0.02,
19:25:11,9.88,9.89,9.97,0.36,0.42,0.36,0.06,0.13,0.07,386,-0.12,-0.13,-0.13,0.03,0.03,0.03,-0.03,-0.03,-0.02,
19:25:13,10.04,10.07,10.05,0.23,0.13,0.17,-0.22,-0.15,-0.24,415,-0.1,-0.1,-0.1,0.02,0.02,0.02,-0.03,-0.03,-0.03,
19:25:15,10.26,10.22,10.13,0.26,0.26,0.29,0.14,0.14,0.26,379,-0.31,-0.31,-0.31,-0.13,-0.14,-0.15,-0.1,-0.1,-0.11,
19:25:18,10.09,10.17,10.03,0.5,0.54,0.59,-0.3,-0.19,-0.32,415,0.09,0.08,0.08,0.11,0.1,0.09,-0.01,0,0,
19:25:20,9.67,9.79,9.83,0.92,0.83,0.85,0.14,0.03,0.07,385,-0.16,-0.17,-0.17,-0.01,-0.01,-0.01,-0.03,-0.04,-0.04,
19:25:22,9.89,9.85,9.84,0.16,0.22,0.23,-0.63,-0.52,-0.5,367,-0.08,-0.06,-0.05,0.01,0.01,0.01,-0.09,-0.1,-0.1,
19:25:24,10.2,10.23,10.24,-0.01,-0.03,0.05,-0.54,-0.55,-0.5,406,0.01,0.02,0.03,0.08,0.08,0.07,-0.09,-0.08,-0.08,
19:25:28,10.32,10.25,10.21,0.48,0.35,0.36,-0.01,-0.18,-0.18,333,-0.14,-0.14,-0.14,-0.01,-0.01,0,0.02,0.03,0.03,
19:25:30,10.18,10.06,10.04,0.63,0.47,0.4,-0.23,-0.21,-0.29,402,-0.21,-0.21,-0.21,-0.02,-0.03,-0.02,-0.01,-0.02,-0.01,
19:25:32,10.16,10.08,10.13,0.3,0.3,0.33,-0.09,-0.19,-0.16,406,-0.02,-0.04,-0.01,0.08,0.08,0.07,0.01,0,0,
19:25:35,9.97,9.97,9.99,0.2,0.13,0.11,0.01,-0.1,-0.07,363,-0.14,-0.14,-0.15,0.07,0.07,0.06,-0.01,-0.02,-0.02,
19:25:37,10.24,10.21,10.24,-0.23,-0.18,-0.17,0.23,0.08,0.16,404,-0.03,-0.02,-0.02,0.03,0.02,0.02,-0.05,-0.05,-0.05,
19:25:39,9.99,10.12,10.13,-0.2,-0.24,-0.22,-0.26,-0.15,-0.13,300,-0.03,-0.02,-0.02,0.05,0.05,0.04,-0.03,-0.02,-0.02,
19:25:41,10.04,10,9.98,0.81,0.75,0.84,0.38,0.28,0.34,403,-0.17,-0.17,-0.18,0,0,-0.01,0,0,0,
19:25:44,9.94,9.9,9.83,0.82,0.91,0.97,0.22,0.33,0.34,404,0,-0.01,-0.01,0.03,0.03,0.03,-0.01,-0.01,-0.01,
19:25:46,10.07,10.13,10.09,0.6,0.61,0.66,0.04,0.02,0,331,-0.07,-0.07,-0.06,0,0.01,-0.01,-0.11,-0.11,-0.1,
19:25:48,10,9.98,10.09,0.71,0.66,0.76,-0.08,0.02,-0.22,326,-0.02,-0.02,-0.01,0.05,0.07,0.07,0.01,0,0,
19:25:50,10.06,10.12,10.07,0.66,0.8,0.75,0.14,0.15,0.13,374,-0.19,-0.18,-0.18,0.02,0.04,0.05,-0.04,-0.04,-0.04,
19:25:54,9.9,9.85,9.74,0.23,0.18,0.21,0.39,0.51,0.49,348,-0.14,-0.13,-0.13,0.06,0.07,0.07,-0.01,-0.02,-0.02,
19:25:59,10.1,10.13,10.08,0.48,0.48,0.5,0.19,0.2,0.21,397,-0.02,-0.01,0,-0.06,-0.07,-0.07,-0.09,-0.07,-0.07,
19:26:04,10,9.94,9.93,0.8,0.87,0.79,0.14,0.21,0.06,388,-0.06,-0.08,-0.09,0.05,0.06,0.06,-0.01,-0.02,-0.02,
19:26:09,10.18,10.05,10.04,0.48,0.27,0.44,-0.6,-0.61,-0.57,388,0.08,0.07,0.07,0.24,0.25,0.24,-0.01,0.02,0.02,
19:26:12,10.09,10.04,9.96,0.41,0.27,0.28,-0.44,-0.49,-0.54,391,-0.02,-0.02,-0.03,0.14,0.14,0.14,0.02,0.02,0.02,
19:26:16,10.01,10.09,10.02,0.16,0.22,0.16,0.22,0.3,0.35,386,0.01,0,-0.01,0.01,0.01,0.02,0.07,0.07,0.06,
19:26:51,10.08,10.08,10.03,0.12,0.04,0.18,0.04,0.06,0.08,382,-0.1,-0.09,-0.09,-0.01,-0.01,-0.02,0,0,0,
19:27:18,10.12,10.07,10.12,0.21,0.26,0.26,0.14,0.17,0.18,376,-0.08,-0.08,-0.07,0.02,0.01,0.02,-0.06,-0.06,-0.06,
19:27:20,10.07,10.02,10.05,0.33,0.5,0.55,0.17,0.23,0.21,379,-0.01,-0.02,-0.01,0.01,0.01,0.01,0.01,0.02,0.01,
19:27:22,10.07,10.08,10.07,0.25,0.22,0.2,0.09,0.16,0.12,376,-0.13,-0.12,-0.12,0,0,0,0,0,0,
19:27:26,10.13,10.1,10.09,0.37,0.39,0.4,-0.09,0.04,0.03,376,-0.07,-0.06,-0.06,0.04,0.04,0.04,-0.07,-0.07,-0.07,
19:27:42,10.03,10.09,10.17,0.59,0.59,0.57,0.11,0.09,0.05,356,-0.09,-0.09,-0.09,-0.01,-0.01,-0.01,0,0.01,0.01,
19:27:56,10.1,10.04,10.05,0.45,0.48,0.45,-0.14,-0.11,-0.07,363,-0.08,-0.08,-0.07,0.03,0.03,0.03,-0.02,-0.02,-0.02,
19:28:01,10.03,10.06,10.12,0.39,0.34,0.45,-0.31,-0.31,-0.3,360,-0.05,-0.05,-0.05,0.04,0.04,0.04,-0.02,-0.02,-0.02,
19:28:04,10.17,10.2,10.09,0.2,0.18,0.06,-0.23,-0.26,-0.23,356,0.01,0.01,0.02,0.04,0.03,0.03,0.08,0.08,0.08,
19:28:08,9.82,9.83,9.91,0.76,0.65,0.63,0.17,0.1,0.09,354,-0.1,-0.11,-0.1,0.08,0.09,0.08,-0.01,-0.02,-0.02,
19:28:10,10.15,10.12,10.17,-0.09,-0.09,-0.13,0.04,0.13,0.09,355,-0.08,-0.07,-0.07,0.03,0.03,0.03,-0.03,-0.02,-0.02,
19:28:12,10.06,10.03,9.98,0.28,0.24,0.22,0.28,0.28,0.32,355,-0.1,-0.1,-0.1,0.07,0.08,0.08,-0.05,-0.05,-0.05,
19:28:15,10.04,10.05,10.12,-0.06,-0.16,-0.09,-0.02,-0.03,-0.14,352,-0.14,-0.14,-0.13,0,-0.01,-0.01,0.02,0.02,0.01,
19:28:18,10.06,10.11,10.1,0.03,0.05,0.06,0.24,0.1,0.17,353,-0.08,-0.08,-0.08,0.04,0.03,0.03,-0.03,-0.03,-0.03,
19:28:21,10.02,10.06,10.05,0.35,0.36,0.31,0.18,0.09,0.15,348,-0.13,-0.13,-0.13,0.02,0.02,0.02,-0.01,0,-0.01,
19:28:24,10.01,9.97,10.02,0.35,0.37,0.4,0.22,0.16,0.22,346,-0.12,-0.13,-0.13,0.04,0.04,0.03,-0.03,-0.03,-0.02,
19:28:29,9.93,9.97,9.86,0.22,0.19,0.14,0.4,0.44,0.48,345,-0.14,-0.15,-0.16,0.03,0.03,0.03,0.01,0.01,0,
19:28:31,10.05,10.09,10.07,0.09,0.08,0.05,0.18,0.24,0.31,343,-0.11,-0.11,-0.11,-0.01,-0.02,-0.02,-0.02,-0.02,-0.02,
19:28:34,9.87,9.96,10.01,0.09,0.14,0.03,0.19,0.17,0.19,343,-0.04,-0.04,-0.04,0.08,0.07,0.07,-0.02,-0.03,-0.03,
19:28:36,10.1,10.07,10.08,-0.07,-0.06,-0.08,-0.1,-0.13,-0.05,344,-0.07,-0.07,-0.06,0.03,0.03,0.03,-0.02,-0.02,-0.02,
19:28:38,9.9,9.87,9.96,0.54,0.53,0.51,-0.83,-0.9,-0.89,343,-0.06,-0.06,-0.06,0.09,0.1,0.09,-0.05,-0.04,-0.05,
19:28:41,9.92,10.07,10.02,0.88,0.64,0.73,-0.54,-0.53,-0.57,341,0.18,0.17,0.16,0.18,0.19,0.2,0.01,0.02,0.01,
19:28:43,10.1,10.03,10.09,0.33,0.32,0.23,-0.22,0,0.21,340,-0.03,-0.04,-0.03,0.05,0.05,0.03,-0.01,0,0,
19:28:45,10.05,10.04,10.25,-0.03,-0.26,-0.03,0.08,0.58,-0.08,331,-0.03,-0.01,0,0.1,0.06,0.07,-0.07,-0.07,-0.07,
19:31:35,10.01,9.96,9.94,0.71,0.71,0.72,-0.79,-0.74,-0.75,259,-0.04,-0.05,-0.05,0.02,0.02,0.01,-0.03,-0.03,-0.03,
19:31:44,10.03,10.07,10.02,0.49,0.5,0.48,-0.71,-0.67,-0.71,254,-0.06,-0.06,-0.05,-0.02,-0.02,-0.01,-0.06,-0.06,-0.06,
19:31:47,9.96,9.92,9.94,0.39,0.43,0.46,-0.48,-0.59,-0.49,254,-0.05,-0.05,-0.06,0.03,0.03,0.03,-0.02,-0.02,-0.02,
19:31:52,10.17,10.14,10.15,0.41,0.43,0.44,-0.6,-0.61,-0.61,252,-0.05,-0.04,-0.05,0.05,0.05,0.05,-0.02,-0.02,-0.01,
19:31:54,9.9,9.81,10.01,0.62,0.6,0.54,-0.52,-0.65,-0.72,249,-0.05,-0.06,-0.06,0.06,0.04,0.05,-0.03,-0.05,-0.05,
19:31:56,10,10.07,10.06,0.45,0.46,0.47,-0.46,-0.42,-0.37,247,-0.07,-0.08,-0.08,-0.03,-0.04,-0.04,-0.02,-0.02,-0.01,
19:31:58,10.18,10.2,10.22,0.34,0.34,0.32,-0.39,-0.35,-0.43,246,-0.22,-0.21,-0.22,-0.06,-0.05,-0.05,-0.02,-0.02,-0.02,
19:32:01,9.95,9.98,10.03,0.15,0.06,0.12,-0.17,-0.11,-0.24,246,0.01,0.01,0,0.16,0.15,0.16,0.01,0,0,
19:32:03,9.99,10.01,9.94,0.05,0.12,0.03,-0.12,-0.34,-0.2,244,-0.07,-0.08,-0.09,0.05,0.06,0.05,-0.06,-0.06,-0.06,
19:32:05,10.12,10.2,10.31,0.17,0.14,0.15,-0.5,-0.36,-0.5,246,0.02,0.02,0.02,0.05,0.04,0.03,-0.08,-0.06,-0.05,
19:32:08,9.55,9.6,9.65,0.34,0.34,0.24,-0.11,-0.09,-0.22,243,-0.09,-0.08,-0.08,0.01,0,-0.01,0,-0.01,-0.02,
19:32:10,9.87,9.83,9.87,0.25,0.27,0.24,-0.56,-0.59,-0.67,244,-0.05,-0.06,-0.05,0.05,0.06,0.05,-0.05,-0.05,-0.05,
19:32:12,10.09,9.98,9.96,0.3,0.27,0.23,-0.66,-0.54,-0.59,243,-0.02,-0.01,-0.02,0.06,0.06,0.05,-0.01,-0.01,-0.01,
19:32:15,10.1,10.19,10.06,0.4,0.42,0.4,-0.5,-0.47,-0.42,241,-0.05,-0.04,-0.04,0.04,0.05,0.06,0.02,0.01,0,
19:32:17,10.12,10,10.2,-0.01,0,-0.02,-0.7,-0.71,-0.72,242,-0.09,-0.08,-0.08,0.03,0.05,0.05,-0.07,-0.06,-0.07,
19:32:19,10,10.09,10.15,0.25,0.19,0.17,-0.57,-0.6,-0.53,240,0.05,0.04,0.04,0.03,0.03,0.03,-0.07,-0.06,-0.06,
19:32:21,9.95,9.98,10.08,0.42,0.48,0.48,-0.17,-0.22,-0.21,241,-0.17,-0.17,-0.17,-0.03,-0.03,-0.04,0.03,0.03,0.03,
19:32:24,9.98,10.06,10.02,0.31,0.32,0.3,-0.54,-0.53,-0.58,236,-0.19,-0.18,-0.19,-0.02,-0.02,-0.02,0,0,0,
19:32:26,9.98,9.85,9.9,0.52,0.48,0.39,-0.65,-0.66,-0.76,237,-0.25,-0.25,-0.26,0.07,0.07,0.06,-0.08,-0.09,-0.09,
19:32:28,9.91,9.9,9.96,0.94,1.04,1.05,0.98,0.95,0.89,236,-0.16,-0.16,-0.17,-0.08,-0.09,-0.09,0.02,0.01,0,
19:32:30,10.12,10.09,10.1,0.52,0.55,0.51,0.48,0.41,0.41,235,-0.05,-0.04,-0.04,-0.04,-0.04,-0.03,0.03,0.03,0.03,
19:32:32,9.89,9.82,9.87,-0.05,-0.1,0,-0.51,-0.49,-0.54,234,-0.25,-0.27,-0.28,0.12,0.11,0.12,-0.07,-0.09,-0.09,
19:32:35,10.76,10.74,10.74,0.11,0.18,0.11,-0.19,-0.16,-0.15,233,-0.05,-0.05,-0.06,-0.07,-0.05,-0.04,-0.01,0,0.01,
19:32:37,10.09,10.11,10.2,-0.51,-0.31,-0.47,-0.85,-0.84,-0.64,233,-0.08,-0.06,-0.06,-0.01,0.04,0.02,0.02,0.03,0.02,
19:32:40,9.89,9.88,9.85,0.4,0.44,0.23,-0.5,-0.41,-0.4,232,-0.23,-0.24,-0.24,-0.09,-0.1,-0.1,0,0,-0.01,
19:32:43,9.98,9.94,10.08,0.18,0.24,0.22,-0.53,-0.68,-0.59,229,-0.19,-0.2,-0.19,0,-0.01,-0.01,0.03,0.01,0.02,
19:32:45,10.01,9.91,9.91,0.37,0.32,0.52,-0.49,-0.47,-0.43,228,-0.06,-0.07,-0.07,-0.01,0.01,0.05,-0.01,-0.01,-0.03,
19:32:47,10.09,9.93,10.26,-0.08,-0.12,0.03,-0.47,-0.44,-0.65,229,-0.18,-0.19,-0.18,0.01,0.02,0,-0.03,-0.02,-0.01,
19:32:50,10.2,10.14,10.09,0.19,0.14,0.12,-0.37,-0.35,-0.48,225,-0.19,-0.19,-0.19,0.05,0.05,0.02,0.01,0.01,0,
19:32:52,10.08,10.08,9.99,0.06,0.05,-0.01,-0.83,-0.73,-0.64,225,-0.28,-0.26,-0.25,-0.03,-0.03,-0.03,-0.07,-0.07,-0.08,
19:32:54,9.97,9.96,10.04,0.53,0.6,0.62,-0.58,-0.51,-0.54,223,-0.11,-0.13,-0.13,0.01,0.01,0.02,0.06,0.07,0.07,
19:32:56,10.05,10.06,10.1,-0.01,-0.02,-0.03,-0.42,-0.42,-0.36,221,-0.09,-0.09,-0.09,0.04,0.05,0.05,-0.03,-0.03,-0.04,
19:33:11,9.84,9.88,9.86,0.51,0.47,0.5,-0.45,-0.45,-0.53,214,-0.04,-0.04,-0.04,0.05,0.04,0.03,-0.04,-0.05,-0.05,
19:33:15,9.94,9.96,9.8,0.5,0.61,0.51,-0.52,-0.46,-0.46,214,-0.02,-0.03,-0.03,0.02,0.03,0.03,-0.01,-0.02,-0.02,
19:33:17,10.15,10.17,10.18,0.06,0.08,0.1,-0.84,-0.77,-0.78,214,0,0.01,0.02,0.12,0.12,0.12,-0.06,-0.06,-0.05,
19:33:20,9.98,10.06,9.98,0.24,0.27,0.23,-0.57,-0.62,-0.54,213,-0.1,-0.1,-0.09,0.05,0.05,0.05,-0.04,-0.04,-0.04,
19:33:22,10.01,9.99,9.96,0.48,0.47,0.4,-0.52,-0.38,-0.47,213,-0.13,-0.13,-0.13,0,0,0,-0.02,-0.02,-0.02,
19:33:24,10.18,10.23,10.1,0.2,0.25,0.26,-0.58,-0.53,-0.47,214,-0.08,-0.08,-0.08,-0.03,-0.01,-0.02,-0.02,-0.01,-0.01,
19:33:26,10.09,10.11,10.06,0.05,0.06,0.11,-0.77,-0.74,-0.71,220,-0.05,-0.04,-0.04,-0.03,-0.02,0,-0.05,-0.05,-0.05,
19:33:29,9.98,10.01,9.93,0.18,0.14,0.11,-0.35,-0.41,-0.37,214,-0.17,-0.18,-0.18,0.1,0.1,0.11,-0.03,-0.04,-0.04,
19:33:31,10.12,10.18,10.16,0.05,-0.02,0.07,-0.71,-0.6,-0.73,214,-0.07,-0.06,-0.06,0.05,0.06,0.06,-0.09,-0.09,-0.09,
19:33:33,10.18,10.12,10.09,0.56,0.7,0.68,-0.62,-0.51,-0.56,216,0.05,0.03,0.03,0.06,0.06,0.06,0.01,0.01,0.01,
19:33:35,10.14,10.01,10.05,0.12,0.21,0.21,0.16,0.18,0.22,213,-0.07,-0.08,-0.07,-0.01,-0.01,0,-0.05,-0.04,-0.04,
19:33:38,10.18,10.17,10.18,0.07,0.07,0.08,0.07,0,-0.02,369,-0.07,-0.07,-0.07,-0.01,-0.01,-0.01,-0.03,-0.02,-0.02,
19:33:40,10.1,10.12,10.11,-0.02,0.03,0.07,-0.31,-0.29,-0.23,376,0.04,0.04,0.05,0.07,0.06,0.05,-0.04,-0.04,-0.04,
19:33:42,10.28,10.22,10.18,0.2,0.22,0.32,-0.24,-0.17,-0.15,216,0.03,0.03,0.04,0.03,0.02,0.02,-0.03,-0.03,-0.02,
19:33:44,10.01,10.02,9.98,0.6,0.46,0.21,-0.55,-0.55,-0.46,269,-0.06,-0.05,-0.08,0.06,0.06,0.06,-0.08,-0.08,-0.06,
19:33:46,10.13,10.12,10.16,0.28,0.29,0.26,-0.58,-0.56,-0.56,217,-0.1,-0.1,-0.1,0.02,0.02,0.03,-0.06,-0.06,-0.06,
19:33:49,10.02,10.06,9.96,0.36,0.35,0.36,-0.48,-0.44,-0.54,382,-0.11,-0.12,-0.12,0.08,0.08,0.08,0.14,0.14,0.13,
19:33:51,9.76,9.72,9.71,0.4,0.49,0.41,0.59,0.48,0.57,213,-0.16,-0.16,-0.19,-0.01,-0.02,-0.02,-0.02,-0.03,-0.03,
19:33:53,10.29,10.24,10.33,-0.53,-0.54,-0.57,-0.11,-0.05,-0.13,217,-0.17,-0.17,-0.17,0.01,0.01,0.02,-0.08,-0.09,-0.08,
19:33:56,10.2,10.14,10.18,-0.45,-0.55,-0.55,0.02,-0.03,-0.06,219,-0.22,-0.21,-0.21,0.02,0.03,0.04,0.03,0.03,0.02,
19:33:58,10.27,10.33,10.26,-0.27,-0.36,-0.39,-0.08,-0.19,-0.09,214,-0.15,-0.15,-0.14,0.02,0.03,0.03,0.02,0.03,0.02,
19:34:01,10.06,10.05,10,0.03,0.06,-0.01,-0.52,-0.58,-0.7,216,-0.08,-0.08,-0.08,0.01,0.01,0.01,-0.03,-0.03,-0.02,
19:34:04,9.93,10.01,10,-0.31,-0.32,-0.37,-0.01,-0.32,0.16,213,-0.05,-0.06,-0.06,0.03,0.05,0.06,-0.05,-0.05,-0.06,
19:34:07,10.15,10.1,10.05,-0.55,-0.56,-0.52,-0.29,-0.33,-0.34,216,-0.03,-0.02,-0.02,0.03,0.04,0.06,-0.01,-0.02,-0.02,
19:34:09,10,10.05,10.09,-0.59,-0.71,-0.57,-0.38,-0.34,-0.4,382,-0.11,-0.1,-0.09,-0.04,-0.04,-0.03,-0.02,-0.01,-0.02,
19:34:12,9.81,9.88,9.84,0.71,0.69,0.75,0.23,0.08,0.14,213,-0.02,-0.03,-0.04,-0.07,-0.06,-0.07,0.09,0.08,0.08,
19:34:15,10.11,10.12,10.11,-0.27,-0.28,-0.27,-0.54,-0.5,-0.4,214,0.02,0.03,0.04,0.14,0.15,0.14,-0.02,-0.02,-0.01,
19:34:17,10.25,10.3,10.18,0.85,0.68,0.3,-0.22,-0.34,-0.35,216,-0.6,-0.61,-0.63,0.05,0.07,0.08,0.05,0.07,0.1,
19:34:19,9.95,10.12,10.01,0.22,0.26,-0.01,-0.31,-0.36,-0.28,213,-0.11,-0.09,-0.12,0.05,0.05,0.05,-0.13,-0.14,-0.13,
19:34:22,10.05,10.04,10.24,-0.6,-0.57,-0.83,-0.41,-0.37,-0.45,253,-0.14,-0.14,-0.11,0.06,0.13,0.1,-0.06,-0.05,-0.05,
19:34:24,10.11,9.96,10,-0.34,-0.41,-0.33,-0.31,-0.25,-0.3,214,-0.15,-0.15,-0.14,-0.05,-0.05,-0.06,-0.05,-0.05,-0.06,
19:34:26,10.14,10.02,10.03,0.17,0.11,-0.05,-0.07,0.21,0.39,220,-0.14,-0.16,-0.15,0.03,0.04,0.03,-0.01,-0.01,-0.03,
19:34:30,9.99,9.88,9.91,0.3,0.15,0.34,-0.19,0.35,-0.35,217,-0.15,-0.13,-0.12,0.09,0.06,0.06,-0.09,-0.09,-0.09,
19:34:32,10.07,10.08,10.04,0.06,0.03,0.06,-0.05,-0.02,0,218,-0.07,-0.06,-0.06,0.02,0.02,0.02,-0.13,-0.13,-0.12,
19:34:36,9.79,9.89,9.84,0,0.05,0.1,-0.15,-0.17,-0.08,249,-0.26,-0.27,-0.28,0.02,0.02,0.01,-0.29,-0.3,-0.31,
19:34:41,10,9.96,9.99,0.51,0.5,0.46,-0.61,-0.54,-0.56,346,-0.12,-0.12,-0.12,0,0,-0.01,-0.01,-0.01,-0.02,
19:34:43,10.02,10.02,9.94,0.61,0.56,0.65,-0.53,-0.57,-0.61,214,-0.03,-0.03,-0.03,-0.03,-0.02,-0.02,0,0,-0.01,
19:34:45,10.15,10.19,10.14,0.3,0.27,0.42,-0.77,-0.79,-0.86,216,-0.03,-0.03,-0.03,0,-0.01,0,-0.01,-0.01,0,
19:34:47,10.01,10,10.08,0.12,0.16,0.19,-0.76,-0.66,-0.87,306,-0.07,-0.07,-0.06,0.02,0.03,0.03,-0.06,-0.07,-0.07,
19:34:49,9.86,9.93,10.06,0.7,0.65,0.52,-0.41,-0.46,-0.5,213,-0.12,-0.12,-0.12,-0.03,-0.03,-0.04,-0.05,-0.06,-0.06,
19:34:52,9.94,10.01,10.02,0.65,0.75,0.61,-0.71,-0.7,-0.65,213,-0.03,-0.03,-0.03,0.04,0.04,0.04,-0.02,-0.02,-0.02,
19:34:54,10.03,10.01,10.09,0.09,0.09,0.06,-0.86,-0.9,-0.78,213,-0.04,-0.03,-0.02,0.11,0.1,0.1,-0.1,-0.11,-0.12,
19:34:57,9.99,10.01,10.02,0.77,0.69,0.64,-0.6,-0.54,-0.59,379,-0.13,-0.14,-0.15,-0.01,-0.02,-0.03,-0.07,-0.08,-0.08,
19:35:01,10.06,10.03,9.94,0.22,0.24,0.19,-0.86,-0.92,-0.91,366,-0.03,-0.03,-0.03,0.12,0.12,0.13,-0.05,-0.04,-0.05,
19:35:03,9.99,10.03,10.02,0.37,0.35,0.41,-0.84,-0.77,-0.8,228,-0.04,-0.04,-0.04,0.06,0.06,0.06,-0.03,-0.03,-0.03,
19:35:05,10.09,10.07,10.1,0.28,0.22,0.2,-0.73,-0.74,-0.78,384,-0.06,-0.05,-0.05,0.04,0.04,0.04,-0.02,-0.02,-0.02,
19:35:08,10,10,10.02,0.46,0.44,0.34,-0.82,-0.82,-0.74,375,-0.05,-0.05,-0.05,0.04,0.04,0.05,-0.03,-0.03,-0.03,
19:35:11,10.01,10.01,9.96,0.25,0.18,0.18,-0.98,-0.84,-0.89,385,-0.07,-0.07,-0.06,0.06,0.05,0.05,-0.02,-0.02,-0.02,
19:35:13,10.1,10.01,10.12,0.63,0.54,0.45,-0.67,-1.04,-0.74,214,0.03,0.02,0.01,0.03,0,0,0.09,0.1,0.1,
19:35:15,10.01,10.18,10.18,0.42,0.44,0.43,-0.69,-0.64,-0.69,308,0.11,0.11,0.1,0.02,0.02,0.02,-0.08,-0.09,-0.08,
19:35:17,9.99,10.02,10.02,0.55,0.57,0.53,-0.6,-0.58,-0.73,216,-0.05,-0.05,-0.05,0.04,0.04,0.04,-0.03,-0.04,-0.04,
19:35:21,10.09,10.04,9.99,0.48,0.41,0.42,-0.61,-0.52,-0.61,233,0,-0.01,0,0.04,0.04,0.04,0.02,0.02,0.02,
19:35:24,10.13,10.11,10.12,0.51,0.61,0.58,-0.51,-0.56,-0.46,216,0.05,0.05,0.05,0.01,0.02,0.01,-0.02,-0.02,0,
19:35:26,10.04,10.08,9.99,0.54,0.58,0.53,-0.34,-0.6,-0.64,269,-0.2,-0.2,-0.2,0.09,0.1,0.12,-0.02,-0.02,-0.02,
19:35:28,10.32,10.21,10.13,0.18,0.15,0.22,0.01,0.17,0.39,324,-0.06,-0.06,-0.05,0.06,0.06,0.05,0.01,0.02,0.01,
19:35:32,10.01,10.03,10.06,0.74,0.82,0.89,-0.46,-0.42,-0.53,373,0.04,0.04,0.04,0.08,0.08,0.07,0.01,0.01,0.02,
19:35:34,10.04,10.05,10.02,-0.25,-0.26,-0.18,-0.47,-0.32,-0.42,216,-0.19,-0.18,-0.18,0.02,0.03,0.02,-0.01,-0.01,-0.02,
19:35:37,9.92,9.91,9.93,0.22,-0.23,0.03,-0.07,-0.34,-0.23,329,-0.05,-0.07,-0.06,-0.19,-0.23,-0.24,-0.03,-0.02,-0.03,
19:35:39,10.05,9.98,9.94,0.39,0.18,0.23,0.31,0.26,0.38,219,-0.07,-0.06,-0.08,-0.08,-0.09,-0.1,0.07,0.08,0.08,
19:35:42,10.06,10.11,10.07,0.84,1.03,0.84,-0.51,-1.1,-0.68,237,-0.13,-0.11,-0.12,0.08,0.09,0.1,-0.02,-0.01,-0.01,
19:35:44,10.07,10.05,9.95,-0.25,-0.2,-0.23,-0.47,-0.45,-0.38,272,-0.1,-0.1,-0.1,-0.07,-0.05,-0.06,0.02,0.01,0.01,
19:35:47,10.26,10.15,10.1,0.07,0.11,0.07,-0.06,0.03,-0.03,369,-0.02,-0.03,-0.02,0.06,0.05,0.03,-0.11,-0.12,-0.14,
19:35:50,10.25,10.27,10.29,0.07,0.07,0.14,-0.02,-0.16,-0.12,297,-0.2,-0.2,-0.2,0.05,0.06,0.06,-0.1,-0.09,-0.09,
19:35:52,9.9,9.92,9.85,0.02,0.01,0.09,-0.4,-0.51,-0.4,315,-0.13,-0.13,-0.13,0.02,0.01,0.01,-0.02,-0.02,-0.03,
19:35:54,10.07,9.97,10.1,0.4,0.5,0.47,-0.39,-0.3,-0.3,282,-0.15,-0.15,-0.15,-0.03,-0.02,-0.02,-0.03,-0.03,-0.03,
19:35:56,9.99,10,10.01,0.15,0.08,0.2,-0.48,-0.45,-0.41,213,-0.05,-0.05,-0.05,0.02,0.02,0.02,-0.04,-0.04,-0.04,
19:35:59,10.22,10.18,10.23,-0.16,-0.23,-0.11,-0.54,-0.49,-0.55,234,-0.22,-0.22,-0.22,0.04,0.02,0.02,0,0,0,
19:36:01,9.95,9.93,9.94,-0.25,-0.2,-0.09,-0.57,-0.62,-0.42,307,0.05,0.06,0.05,0.08,0.07,0.06,-0.08,-0.08,-0.08,
19:36:03,9.91,10.03,9.87,0.78,0.63,0.73,-0.56,-0.8,-0.63,355,-0.15,-0.15,-0.17,0.01,-0.01,0.02,-0.16,-0.14,-0.13,
19:36:06,9.78,9.69,9.83,0.36,0.4,0.39,-0.79,-0.73,-0.78,349,-0.13,-0.13,-0.12,0.02,0.02,-0.01,-0.07,-0.08,-0.09,
19:36:08,10.07,10.02,9.99,0.05,0,0.05,-0.23,-0.18,-0.25,216,0.04,0.04,0.04,0.06,0.06,0.06,-0.09,-0.08,-0.08,
19:36:10,9.81,9.84,9.77,0.8,0.84,0.89,0.24,0.18,0.24,224,0.07,0.07,0.06,0.13,0.12,0.12,-0.05,-0.05,-0.06,
19:36:12,10.05,9.87,9.96,0.17,0.35,0.27,-0.51,-0.6,-0.46,381,-0.34,-0.34,-0.32,0.24,0.22,0.23,-0.12,-0.11,-0.12,
19:36:14,10.03,10.06,10.17,-0.31,-0.41,-0.34,-1.21,-1.23,-1.16,216,-0.02,-0.01,0,0.08,0.08,0.09,-0.04,-0.05,-0.06,
19:36:17,10.13,10.18,10.29,-0.19,-0.19,-0.34,-0.56,-0.49,-0.56,225,-0.13,-0.11,-0.12,0.08,0.09,0.11,-0.05,-0.04,-0.03,
19:36:19,10.25,10.11,10.27,-0.4,-0.52,-0.42,-0.64,-0.59,-0.32,238,-0.08,-0.08,-0.06,-0.05,-0.05,-0.05,-0.1,-0.08,-0.08,
19:36:24,9.85,9.94,9.91,0.38,0.34,0.37,0.03,0.03,0.04,301,-0.18,-0.19,-0.2,-0.05,-0.06,-0.09,-0.01,-0.03,-0.05,
19:36:26,10.05,10.09,10.6,0.45,0.38,-0.05,-0.84,-0.91,-0.84,221,-0.03,-0.02,-0.03,0.06,0.06,0.07,-0.05,-0.04,0.01,
19:36:28,10.01,9.95,10.01,0.24,0.25,0.34,-0.57,-0.52,-0.49,321,-0.12,-0.12,-0.12,0.02,0.03,0.02,0.01,0.01,0,
19:36:30,9.92,9.97,10,0.37,0.2,0.24,-1.07,-1.01,-1.06,218,-0.12,-0.13,-0.12,-0.03,-0.04,-0.06,0.01,0.01,0,
19:36:32,10.13,10.12,10.09,0.19,0.17,0.23,-0.52,-0.47,-0.47,213,-0.12,-0.12,-0.13,0.04,0.04,0.03,-0.02,-0.01,0,
19:36:34,9.73,9.81,9.8,0.21,0.2,0.16,-0.62,-0.65,-0.72,289,-0.24,-0.23,-0.23,0.02,0.02,0.02,0,0,-0.01,
19:36:37,10.08,10.15,10.16,-0.22,-0.23,-0.17,-0.37,-0.49,-0.51,214,-0.04,-0.04,-0.03,0.08,0.09,0.1,-0.06,-0.05,-0.05,
19:36:41,10.12,10.18,10.15,0.43,0.39,0.39,-0.28,-0.26,-0.23,214,0.01,0.01,0.01,0.02,0.01,0.02,-0.07,-0.08,-0.07,
19:36:46,10.02,9.97,10.04,-0.49,-0.61,-0.62,-0.37,-0.4,-0.4,216,0,0.01,0.01,0.04,0.04,0.04,-0.11,-0.09,-0.1,
19:36:48,9.83,9.94,9.95,0.64,0.58,0.62,-0.03,-0.02,-0.12,219,-0.05,-0.05,-0.07,0,0,0.01,-0.01,0,-0.01,
19:36:51,10.07,10.02,10.05,0.13,0.1,0.13,-0.59,-0.6,-0.69,317,-0.07,-0.06,-0.07,0.01,0.01,0.02,-0.04,-0.03,-0.04,
19:36:53,9.96,10.06,10.05,0.37,0.34,0.31,-0.3,-0.2,-0.24,0,-0.09,-0.09,-0.09,0.03,0.03,0.02,-0.03,-0.03,-0.03,
19:36:56,10.07,10.05,10.05,0.24,0.08,0.04,-0.26,-0.37,-0.33,0,-0.06,-0.05,-0.04,0.04,0.04,0.04,-0.04,-0.04,-0.04,
19:36:58,10.05,10.06,10.16,0.28,0.35,0.29,-0.24,-0.34,-0.33,0,-0.14,-0.13,-0.14,0.02,0.02,0.03,-0.01,-0.02,-0.01,
19:37:00,10.18,10.1,10.18,0.22,0.21,0.17,-0.08,-0.13,-0.1,384,-0.03,-0.03,-0.02,0.11,0.1,0.1,-0.07,-0.07,-0.06,
19:37:03,9.81,9.73,9.84,0.92,0.83,0.86,0.26,0.28,0.17,0,-0.11,-0.12,-0.1,-0.01,-0.02,-0.05,0.05,0.05,0.01,
19:37:05,10.16,10.14,10.11,-0.12,-0.15,-0.13,-0.34,-0.4,-0.34,305,-0.1,-0.09,-0.09,0.05,0.04,0.04,-0.02,-0.01,-0.01,
19:37:08,10.1,10.08,10.09,0.25,0.27,0.21,-0.31,-0.41,-0.32,216,-0.14,-0.14,-0.14,0.02,0.02,0.02,-0.04,-0.04,-0.04,
19:37:10,10.29,10.3,10.29,-0.03,0,-0.16,-0.13,-0.18,-0.15,0,-0.14,-0.13,-0.12,-0.02,-0.01,0,-0.08,-0.07,-0.05,
19:37:12,10.12,10.02,10.05,0.23,0.33,0.31,-0.14,-0.06,-0.04,216,0.01,0.01,0.01,0.07,0.06,0.05,-0.03,-0.03,-0.02,
19:37:15,10.15,10.2,10.18,0.2,0.25,0.27,-0.21,-0.2,-0.22,266,-0.01,-0.01,-0.01,0.02,0.04,0.04,-0.03,-0.03,-0.03,
19:37:17,10.14,10.04,10.12,0.04,0.09,0.1,-0.32,-0.33,-0.28,331,-0.02,-0.01,-0.01,0.06,0.07,0.08,0,0,0,
19:37:19,10,10,10.05,0.39,0.28,0.39,-0.05,-0.1,-0.05,213,-0.05,-0.05,-0.05,0.05,0.05,0.06,0,0,0,
19:37:22,9.97,10.09,10,0.08,0.15,0.15,-0.22,-0.23,-0.2,230,-0.14,-0.14,-0.16,-0.03,-0.04,-0.01,0.06,0.05,0.07,
19:37:24,10.23,10.22,10.23,-0.01,-0.01,-0.01,-0.24,-0.23,-0.19,106,0,0,0,0.07,0.07,0.06,-0.02,-0.02,-0.01,
19:37:26,10.02,9.99,9.98,0.45,0.45,0.38,-0.12,-0.14,-0.13,386,0,-0.01,-0.02,0.05,0.06,0.06,-0.02,-0.03,-0.03,
19:37:29,10.15,10.17,10.15,0.12,0.11,0.23,-0.31,-0.28,-0.26,318,-0.01,-0.02,-0.01,0.07,0.08,0.07,-0.03,-0.03,-0.04,
19:37:31,10.03,10,10.05,0.28,0.26,0.23,-0.1,-0.15,-0.11,230,-0.16,-0.16,-0.15,0.01,0.01,0.01,0,0,-0.01,
19:37:33,10.06,10.03,10.09,0.29,0.32,0.32,-0.16,-0.15,0,241,-0.04,-0.05,-0.05,0.05,0.04,0.05,-0.02,-0.02,-0.02,
19:37:35,10.13,10,10.07,-0.08,-0.09,-0.09,-0.46,-0.56,-0.57,213,-0.1,-0.09,-0.08,0,0.01,0.02,-0.02,-0.03,-0.03,
19:37:38,10.28,10.13,10.09,0.06,0.23,0.15,-0.37,-0.54,-0.53,339,0.03,0.03,0.03,0.1,0.08,0.08,0,-0.02,-0.01,
19:37:42,10.18,10.09,10.09,0.08,0.08,0.06,-0.03,0.01,0,360,-0.04,-0.03,-0.04,0.08,0.09,0.09,-0.03,-0.04,-0.04,
19:37:44,10.04,10.04,10.05,0.1,0.11,0.11,0.02,0.02,0.04,218,-0.03,-0.03,-0.03,0.05,0.06,0.05,-0.04,-0.04,-0.04,
19:37:47,9.94,10.02,9.96,0.44,0.38,0.45,0.24,0.15,0.2,349,-0.01,-0.02,-0.03,0.04,0.04,0.04,-0.03,-0.02,-0.03,
19:37:49,10.09,10.06,10.16,0.1,0.16,0.15,0.13,0.23,0.04,379,-0.2,-0.2,-0.2,0,0,0.01,-0.01,-0.02,-0.02,
19:37:51,9.86,9.85,9.81,0.44,0.41,0.57,0.34,0.47,0.42,261,-0.02,-0.02,-0.03,0.05,0.04,0.04,-0.02,-0.03,-0.03,
19:37:53,10.02,10.06,9.95,0.38,0.41,0.5,0.32,0.27,0.37,345,-0.17,-0.17,-0.18,0.06,0.06,0.05,-0.03,-0.03,-0.03,
19:37:55,10.05,10.1,10.11,0.24,0.29,0.25,0.1,0.2,0.21,0,-0.12,-0.12,-0.12,-0.02,-0.02,-0.01,-0.03,-0.02,-0.02,
19:37:58,10.06,10.09,10.07,0.3,0.19,0.28,-0.08,-0.06,-0.13,0,-0.15,-0.14,-0.14,0,-0.01,0,0,0,0,
19:38:00,10.01,10.13,9.97,1.34,1.09,1.1,0.81,0.76,0.78,214,0.05,0.03,0.01,-0.09,-0.09,-0.07,-0.07,-0.06,-0.07,
19:38:03,10.07,10.21,10.16,0.07,0.08,0.06,-0.12,-0.26,0.02,297,-0.05,-0.04,-0.05,0.06,0.05,0.05,-0.03,-0.02,-0.03,
19:38:05,10.2,10.14,10.15,0,-0.01,-0.01,0.18,0.19,0.19,216,-0.18,-0.18,-0.18,-0.06,-0.05,-0.05,0.05,0.05,0.05,
19:38:08,10.15,10.12,10.12,0.45,0.55,0.58,0.36,0.33,0.46,218,-0.26,-0.27,-0.28,0,0,-0.01,0.07,0.07,0.06,
19:38:10,10.11,10.08,10.13,0.34,0.24,0.37,-0.79,-0.82,-0.85,377,0.01,0.01,0.01,0.04,0.03,0.02,-0.03,-0.02,-0.02,
19:38:12,9.96,9.92,10,0.44,0.5,0.47,-0.59,-0.63,-0.65,386,-0.13,-0.13,-0.13,0.02,0.02,0.02,-0.01,-0.02,-0.02,
19:38:14,10.01,10.09,10.13,0.32,0.11,0.08,-0.55,-0.67,-0.79,353,-0.18,-0.16,-0.16,0.01,0.01,0.02,0.05,0.05,0.05,
19:38:17,10.06,10.01,9.95,0.39,0.54,0.3,-0.46,-0.54,-0.55,214,-0.01,-0.02,-0.02,0.01,0.02,0.03,-0.02,-0.02,-0.01,
19:38:19,10.18,10.18,10.15,0.04,-0.03,-0.04,-0.49,-0.4,-0.39,328,-0.02,-0.01,-0.01,0.03,0.04,0.04,-0.05,-0.05,-0.05,
19:38:21,10.09,9.99,10.03,0.36,0.38,0.37,-0.13,-0.09,-0.08,265,-0.12,-0.12,-0.12,0.03,0.04,0.04,-0.02,-0.01,-0.01,
19:38:24,10.05,10.02,10.03,0.08,0.09,0.06,-0.26,-0.19,-0.12,233,-0.1,-0.11,-0.1,0.02,0.02,0.03,-0.03,-0.03,-0.03,
19:38:26,9.99,9.99,10.06,0.57,0.69,0.64,-0.16,-0.12,-0.12,220,0.02,0.03,0.04,0.12,0.11,0.11,0,0,0.01,
19:38:28,9.98,10.05,10.02,0.62,0.6,0.54,-0.02,0.01,-0.03,238,-0.04,-0.05,-0.05,-0.04,-0.04,-0.04,-0.05,-0.05,-0.05,
19:38:30,10.02,10.08,10.08,0.06,0.07,0.04,-0.17,-0.2,-0.23,385,-0.19,-0.19,-0.19,0.01,0.01,0.01,-0.01,-0.02,-0.02,
19:38:32,10,10.06,9.99,-0.01,-0.12,-0.13,-0.42,-0.43,-0.48,235,-0.16,-0.17,-0.16,0,-0.01,-0.02,-0.01,-0.02,-0.01,
19:38:36,10.7,10.49,10.3,-0.3,-0.24,-0.03,0.09,0,-0.01,262,-0.05,-0.01,0.03,-0.16,-0.07,0.01,0.04,0.06,0.06,
19:38:39,9.99,10.07,10.09,0.38,0.51,0.38,-0.3,-0.11,-0.21,372,-0.01,-0.01,-0.02,0.05,0.07,0.08,0.07,0.05,0.06,
19:38:41,9.79,9.74,9.93,0.03,-0.09,-0.04,-0.68,-0.55,-0.63,217,-0.02,-0.02,-0.01,0.16,0.14,0.11,-0.03,-0.04,-0.03,
19:38:43,9.84,9.74,9.74,0.33,0.31,0.31,0.13,0.19,0.26,220,0,0,0.01,0.18,0.17,0.16,-0.01,-0.02,-0.02,
19:38:45,9.89,9.91,9.85,0.75,0.69,0.81,0.31,0.17,0.2,269,-0.14,-0.15,-0.16,-0.07,-0.07,-0.08,-0.01,0,-0.01,
19:38:48,10.02,10.22,10.34,0.06,0.05,0.03,-0.87,-0.63,-0.51,386,-0.33,-0.32,-0.29,-0.11,-0.13,-0.13,-0.08,-0.1,-0.11,
19:38:50,10.15,10.06,10.05,0.21,0.13,0.2,-0.62,-0.63,-0.67,226,-0.03,-0.03,0,0.03,0.05,0.05,-0.04,-0.03,-0.03,
19:38:52,10.04,10.03,10.11,0.45,0.44,0.34,-0.59,-0.7,-0.54,233,-0.04,-0.05,-0.03,-0.01,-0.02,0,-0.07,-0.07,-0.06,
19:38:55,9.9,9.87,9.88,1.11,1.12,1.16,-0.3,-0.27,-0.21,218,-0.06,-0.07,-0.08,0,-0.01,0,0.01,0.01,0.01,
19:38:58,10.09,10,10.02,0.88,0.96,0.75,-0.3,-0.52,-0.4,350,-0.15,-0.16,-0.17,0.03,0.05,0.04,-0.06,-0.05,-0.03,
19:39:00,10.06,10,9.98,0.5,0.55,0.48,-0.49,-0.53,-0.39,214,-0.05,-0.05,-0.05,0.02,0.02,0.01,-0.03,-0.03,-0.03,
19:39:02,9.81,10.03,9.99,0.36,0.46,0.48,-0.63,-0.55,-0.49,362,-0.21,-0.21,-0.2,-0.02,-0.03,-0.02,-0.03,-0.03,-0.04,
19:39:05,10.04,10.21,10.3,0.19,0.27,0.1,-0.71,-0.84,-0.59,327,-0.01,0,0.01,0.04,0.05,0.04,-0.1,-0.09,-0.08,
19:39:07,9.92,9.61,9.9,1.25,0.93,1.07,-0.17,0.24,0.06,362,-0.24,-0.26,-0.26,0.03,0.04,0.05,0.06,0.06,0.04,
19:39:09,9.7,9.48,9.79,0.16,-0.09,0.32,-0.18,0.05,0.16,229,-0.03,-0.06,-0.04,-0.05,-0.05,-0.05,-0.05,-0.03,-0.03,
19:39:12,10.1,10.09,10.2,0.65,0.81,0.79,-0.27,-0.32,-0.3,228,-0.13,-0.13,-0.13,0.06,0.05,0.04,-0.09,-0.09,-0.09,
19:39:14,10.02,9.92,9.81,0.55,0.48,0.38,0.11,-0.07,0.11,386,-0.09,-0.1,-0.1,0.03,0.02,0.01,-0.07,-0.07,-0.07,
19:39:16,10.24,10.31,10.23,-0.23,-0.23,-0.25,-0.43,-0.58,-0.57,368,-0.33,-0.32,-0.3,0,0.02,0.03,0,0,-0.02,
19:39:19,10,9.96,10,-0.11,-0.05,0.09,-0.4,-0.36,-0.28,217,0.01,0,0,0.06,0.06,0.06,-0.01,-0.01,-0.02,
19:39:21,10.16,10.37,10,0.2,-0.5,0.06,-0.14,-0.23,-0.01,214,-0.15,-0.17,-0.16,0.04,0.04,0.08,-0.09,-0.05,-0.07,
19:39:23,9.06,9.07,9.37,0,-0.11,-0.28,-0.42,-0.02,-0.06,220,-0.16,-0.19,-0.1,0.04,0.04,0.04,-0.07,-0.1,-0.07,
19:39:26,9.96,9.96,10.16,0.82,0.8,0.75,-0.05,-0.13,-0.01,265,0.06,0.06,0.05,-0.02,-0.03,-0.03,0.01,0.02,0.02,
19:39:29,9.71,9.72,9.51,0.7,0.71,0.76,0.81,0.52,0.81,225,-0.07,-0.1,-0.13,-0.18,-0.18,-0.16,0.05,0.04,0.03,
19:39:31,10.19,10.15,10.21,0.03,0.06,0,0.31,0.09,0.21,314,-0.07,-0.07,-0.07,0.15,0.17,0.19,-0.11,-0.11,-0.1,
19:39:34,10.06,9.9,9.87,0.51,0.5,0.79,0.11,0.38,0.26,214,-0.01,0,-0.02,-0.01,0.01,0.01,0.09,0.11,0.09,
19:39:36,9.9,9.72,9.48,0.21,-0.84,0.35,-0.74,-0.68,-0.61,220,0.03,-0.01,0,0.15,0.14,0.09,-0.01,0.09,0.02,
19:39:38,9.89,9.9,9.81,0.14,0.27,0.31,0.26,0.23,0.24,377,-0.04,-0.04,-0.04,0.05,0.05,0.04,-0.11,-0.12,-0.13,
19:39:40,9.98,10.14,9.99,0.18,0.12,0.17,-0.08,-0.27,-0.07,219,-0.29,-0.29,-0.29,0.08,0.07,0.06,-0.11,-0.11,-0.11,
19:39:43,10.03,10.22,10.31,-0.73,-0.65,-0.58,-0.44,-0.57,-0.26,282,-0.08,-0.08,-0.05,0.14,0.14,0.14,-0.11,-0.1,-0.09,
19:39:45,10.13,10.07,10.06,0.33,0.34,0.4,-0.35,-0.25,-0.22,247,-0.09,-0.08,-0.07,0.07,0.07,0.07,-0.03,-0.03,-0.03,
19:39:47,10.18,10.12,10.01,0.35,0.35,0.33,-0.42,-0.43,-0.4,322,-0.2,-0.2,-0.2,-0.03,-0.01,0,-0.02,-0.01,-0.02,
19:39:50,10.01,10.12,10.23,1.22,1.03,0.95,0.17,0.02,0.14,331,-0.27,-0.27,-0.24,-0.01,0,-0.02,0.04,0.04,0.04,
19:39:52,10.02,10.03,9.94,0.69,0.84,0.72,-0.24,-0.29,0.01,306,-0.05,-0.06,-0.05,0.09,0.1,0.08,-0.01,-0.02,-0.02,
19:39:54,9.84,9.88,9.88,0.56,0.78,0.65,0.05,0.19,0.02,360,-0.05,-0.05,-0.05,0.01,0.01,0,-0.01,-0.02,-0.02,
19:39:56,9.84,9.76,9.84,0.87,0.77,0.65,-0.69,-0.39,-0.29,271,-0.31,-0.36,-0.37,-0.04,-0.11,-0.18,-0.02,-0.03,-0.04,
19:39:58,9.64,9.9,9.72,1.07,0.63,0.51,0.21,0.05,0.01,364,-0.3,-0.33,-0.36,0.21,0.2,0.16,-0.08,-0.04,0.01,
19:40:01,9.95,9.92,10.02,0.61,0.72,0.79,-0.02,-0.03,0.02,370,-0.11,-0.11,-0.11,0.02,0.04,0.05,0.02,0.03,0.02,
19:40:03,10.24,10.1,10.14,-0.73,-0.45,-0.55,-0.14,0.15,-0.06,382,-0.25,-0.25,-0.24,0.07,0.09,0.1,0.03,0.01,0.03,
19:40:06,10.14,10.14,10.16,0.05,-0.05,-0.01,-0.37,-0.37,-0.21,377,0.03,0.04,0.04,0.08,0.09,0.09,-0.06,-0.06,-0.06,
19:40:08,9.94,9.97,9.97,0.42,0.39,0.41,0.13,-0.03,-0.23,214,-0.06,-0.04,-0.05,0.09,0.08,0.08,-0.09,-0.09,-0.09,
19:40:10,10.17,10.14,10.28,-0.02,-0.2,0,-0.65,-0.25,-0.55,384,-0.04,-0.05,-0.03,0.08,0.07,0.07,-0.06,-0.06,-0.06,
19:40:12,10.26,10.12,10.38,0.31,0.52,0.4,-0.37,-0.26,-0.51,374,0.12,0.15,0.14,-0.04,-0.09,-0.05,-0.2,-0.22,-0.17,
19:40:15,9.74,9.75,9.79,0.16,0.16,0.36,0.03,0.02,-0.01,379,-0.09,-0.09,-0.09,0.04,0.03,0.02,-0.02,-0.01,-0.02,
19:40:17,9.98,10.11,10.15,-0.23,-0.15,-0.11,-0.1,-0.12,-0.04,229,-0.13,-0.11,-0.13,-0.05,-0.05,-0.01,-0.01,-0.02,-0.02,
19:40:19,10.08,10.12,10.16,-0.28,-0.32,-0.32,-0.1,-0.22,-0.16,334,0.02,0.02,0.03,0.02,0.01,0.01,-0.04,-0.04,-0.03,
19:40:23,10.3,10.34,10.32,-0.51,-0.32,-0.41,-0.2,-0.18,-0.23,340,-0.01,0,0,0.04,0.06,0.07,-0.03,-0.02,-0.02,
19:40:25,10,9.81,10.04,0.92,0.98,1.12,-0.28,-0.34,-0.29,254,-0.01,-0.01,-0.04,-0.07,-0.1,-0.06,0.02,0.01,0.01,
19:40:29,9.93,9.88,9.91,-0.25,-0.24,-0.21,2.04,2.03,1.98,229,-0.2,-0.2,-0.21,0.05,0.05,0.05,0.03,0.03,0.03,
19:40:31,10.07,10,10.06,-0.04,-0.1,-0.14,1.02,0.72,0.84,249,-0.08,-0.12,-0.1,-0.07,-0.08,-0.11,-0.01,-0.01,0.02,
19:40:33,10.03,10.13,10.12,-0.16,-0.17,-0.26,0.72,0.71,0.65,0,-0.09,-0.08,-0.07,0.04,0.05,0.06,-0.02,-0.02,-0.02,
19:40:35,9.87,9.99,9.94,0.32,0.27,0.28,0.65,0.65,0.59,350,-0.01,-0.01,0,0.04,0.03,0.02,-0.02,-0.02,-0.02,
19:40:37,9.87,9.81,10.01,1.02,1.11,0.92,0.56,0.56,0.67,382,-0.02,-0.02,-0.03,0.05,0.04,0.04,-0.01,-0.02,-0.01,
19:40:40,10.07,10.14,9.95,0.42,0.45,0.53,0.61,0.5,0.61,319,0.05,0.05,0.06,0.09,0.09,0.08,-0.02,-0.01,-0.03,
19:40:44,9.9,9.91,9.87,0.6,0.71,0.6,0.9,0.92,0.87,220,-0.14,-0.14,-0.14,0,0,-0.01,0,-0.01,-0.01,
19:40:46,10.06,10.08,10.12,0.35,0.25,0.3,0.43,0.56,0.59,379,-0.06,-0.05,-0.05,0.03,0.01,0.01,-0.06,-0.06,-0.05,
19:40:49,9.95,9.91,9.92,0.59,0.59,0.52,0.86,0.9,0.98,183,-0.02,-0.01,-0.01,0.04,0.03,0.03,0,0,0,
19:40:51,10.05,10.01,9.94,0.84,0.8,0.84,1.17,1.32,1.15,216,-0.07,-0.07,-0.08,-0.02,-0.02,-0.02,-0.01,0,0.01,
19:40:53,10.01,10.08,10.08,0.53,0.59,0.41,0.79,0.8,0.85,213,0.05,0.04,0.05,0.09,0.08,0.08,-0.03,-0.04,-0.03,
19:40:56,10.12,10.06,10.04,0.68,0.62,0.53,0.64,0.7,0.75,220,-0.06,-0.06,-0.06,0.04,0.03,0.03,-0.08,-0.07,-0.07,
19:40:58,10.09,10.06,10.09,0.28,0.29,0.29,0.75,0.76,0.76,342,-0.09,-0.09,-0.08,0.05,0.05,0.05,-0.02,-0.02,-0.02,
19:41:00,9.47,9.62,9.66,1.21,1.06,1.04,1.4,1.43,1.3,0,-0.11,-0.13,-0.14,0.02,0.02,0.04,0.02,0.02,0.02,
19:41:03,10.06,10.18,10.14,0.5,0.58,0.62,0.79,0.71,0.78,375,-0.04,-0.04,-0.04,0,-0.01,0,-0.03,-0.03,-0.03,
19:41:05,10.08,10.04,10.03,0.59,0.49,0.56,0.79,0.86,0.82,244,0.02,0.01,0.02,0.11,0.1,0.1,-0.05,-0.04,-0.05,
19:41:07,10.02,10.05,9.95,-0.33,-0.27,-0.14,0.68,0.69,0.67,302,-0.1,-0.08,-0.07,0.08,0.1,0.09,-0.04,-0.06,-0.07,
19:41:09,10.12,10.16,10.14,0.43,0.24,0.35,0.73,0.79,0.8,0,0.01,0,0.01,0.06,0.07,0.08,-0.03,-0.02,-0.02,
19:41:11,10.06,10.06,10.03,0.5,0.55,0.48,1.08,1.11,1.09,0,-0.21,-0.21,-0.22,0.05,0.04,0.04,0.01,0,0,
19:41:14,10,10.04,9.97,0.41,0.43,0.38,0.81,0.87,0.93,368,-0.02,-0.01,-0.01,0.07,0.07,0.07,-0.03,-0.02,-0.02,
19:41:16,9.88,9.93,10.09,0.83,0.82,0.57,1.25,1.27,1.26,366,-0.03,-0.04,-0.03,0.06,0.07,0.06,-0.04,-0.04,-0.06,
19:41:19,9.98,9.91,9.97,0.29,0.38,0.28,0.78,0.88,0.83,380,-0.12,-0.11,-0.11,0.04,0.05,0.06,-0.06,-0.08,-0.08,
19:41:21,10.07,10.01,10.06,0.54,0.54,0.55,0.78,0.74,0.78,216,-0.06,-0.05,-0.05,0.05,0.06,0.06,-0.01,-0.01,-0.01,
19:41:23,10,10.02,9.95,0.32,0.48,0.31,0.72,0.54,0.71,374,-0.14,-0.15,-0.14,-0.04,-0.01,-0.02,-0.03,-0.02,-0.02,
19:41:26,9.79,9.87,9.82,0.47,0.78,0.72,0.96,1.11,1.17,368,0.02,0.02,0.02,0.04,0.05,0.04,-0.01,-0.03,-0.02,
19:41:28,9.9,9.93,9.98,0.37,0.32,0.28,1.4,1.34,1.25,0,-0.22,-0.22,-0.22,0.03,0.05,0.07,-0.02,-0.02,-0.02,
19:41:30,9.77,9.92,9.92,0.77,0.69,0.59,1.36,1.36,1.34,97,-0.13,-0.14,-0.16,-0.02,-0.02,-0.01,0.02,0.02,0.02,
19:41:33,9.85,9.9,9.89,0.6,0.55,0.61,1.19,1.23,1.23,0,-0.02,-0.02,-0.03,0.04,0.04,0.03,-0.03,-0.03,-0.03,
19:41:35,10.16,10.13,10.15,0.58,0.63,0.43,1,1.02,0.88,318,-0.11,-0.11,-0.11,0.05,0.06,0.07,-0.04,-0.04,-0.03,
19:41:37,9.9,9.85,9.96,0.42,0.54,0.55,1.15,1.22,1.28,217,0.02,0.02,0.01,0.09,0.08,0.07,-0.01,-0.01,-0.01,
19:41:39,10.05,10.04,10.06,0.29,0.31,0.31,0.79,0.86,0.83,216,-0.04,-0.03,-0.04,0.03,0.04,0.04,-0.02,-0.02,-0.02,
19:41:42,9.89,9.88,9.82,1.03,1.01,1.06,1.3,1.41,1.34,290,0.04,0.03,0.02,0.07,0.07,0.05,-0.02,-0.01,-0.01,
19:41:44,10,10,10.02,0.14,0.23,0.23,1.01,0.97,1.02,0,-0.17,-0.16,-0.16,0,0,0,-0.03,-0.04,-0.04,
19:41:46,10.12,10.58,10,0.34,-0.1,0.56,0.98,0.83,1.06,310,0.1,0.11,0.08,0.08,0.07,0.02,-0.04,0.05,-0.01,
19:41:48,10.02,10.07,10.03,0.42,0.4,0.36,0.95,1.02,1,249,-0.11,-0.11,-0.1,0,0,0,-0.01,-0.01,0,
19:41:50,9.84,9.84,9.85,1.14,1.19,1.3,1.64,1.58,1.64,375,-0.04,-0.06,-0.08,0,-0.01,-0.01,0.03,0.03,0.03,
19:41:53,10,10.07,10.03,0.45,0.4,0.41,1.08,1.11,1.06,375,-0.1,-0.11,-0.1,0.04,0.04,0.03,-0.01,-0.01,-0.01,
19:41:55,10.01,10.03,10.04,0.71,0.7,0.68,1.1,1.15,1.03,214,-0.05,-0.05,-0.06,0.05,0.05,0.04,-0.09,-0.08,-0.08,
19:41:58,10.08,10.1,10.08,0.42,0.4,0.34,0.81,0.93,0.88,166,-0.01,-0.01,-0.01,0.1,0.1,0.1,-0.04,-0.04,-0.04,
19:42:00,9.62,10.18,10.15,0.93,0.33,0.45,1.05,0.95,0.99,372,-0.07,-0.05,-0.07,0.03,0.05,0.06,-0.14,-0.08,-0.1,
19:42:04,10.03,10.15,10.08,0.37,0.48,0.49,1,1.02,1.01,234,-0.07,-0.07,-0.08,-0.01,-0.02,-0.02,-0.02,-0.01,0,
19:42:06,10.06,10.1,9.94,0.41,0.46,0.65,0.8,0.85,0.83,214,0,0,0,0.1,0.12,0.1,-0.09,-0.07,-0.1,
19:42:09,10.08,10.01,10.05,0.69,0.7,0.65,0.91,0.95,0.88,374,-0.1,-0.1,-0.1,0.04,0.04,0.04,-0.01,-0.01,-0.01,
19:42:11,9.96,9.99,9.96,0.81,0.74,0.75,1.09,1.07,1.03,235,-0.15,-0.16,-0.15,-0.02,-0.01,0,-0.02,-0.01,-0.01,
19:42:14,10.07,9.92,9.97,0.04,0.12,0.23,1.09,1.11,1.18,376,-0.15,-0.14,-0.16,0.03,0.01,0.01,-0.06,-0.06,-0.07,
19:42:16,10.11,10.15,10.05,0.22,0.11,0.1,1.22,1.18,1.12,375,-0.13,-0.13,-0.12,0.07,0.08,0.07,-0.05,-0.05,-0.04,
19:42:18,10.05,10.02,10.01,0.67,0.63,0.68,1.02,1,1.09,368,-0.08,-0.08,-0.08,0.02,0.01,0.02,-0.01,-0.01,-0.02,
19:42:21,10.02,10.07,10.19,0.27,0.31,0.19,0.9,1.07,1,276,-0.01,-0.01,0,0.12,0.11,0.11,-0.05,-0.05,-0.05,
19:42:23,9.9,9.87,10.01,0.52,0.58,0.55,1.02,1.07,1.04,321,-0.13,-0.13,-0.13,0,0.01,0.01,-0.06,-0.07,-0.06,
19:42:25,9.84,9.93,9.76,0.9,0.87,0.68,1.61,1.53,1.43,0,0.47,0.46,0.46,0.13,0.13,0.13,0.19,0.18,0.21,
19:42:27,9.81,10,10.05,0.45,0.43,0.33,-0.06,-0.17,-0.16,229,-0.05,-0.09,-0.11,0.1,0.09,0.09,-0.14,-0.14,-0.13,
19:42:30,10.14,10.1,10.12,0.65,0.64,0.65,0.11,0.11,0.08,0,0.03,0.03,0.02,0.08,0.07,0.07,-0.03,-0.03,-0.03,
19:42:32,10.04,10.02,10.11,0.51,0.46,0.39,0.06,0.11,0.07,354,0.02,0.02,0.03,0.2,0.21,0.22,-0.04,-0.04,-0.05,
19:42:34,9.84,9.91,9.9,0.92,0.89,0.85,0.83,0.83,0.79,332,-0.15,-0.15,-0.15,0.1,0.09,0.09,-0.07,-0.07,-0.07,
19:42:36,9.85,9.96,9.81,0.87,0.86,0.85,1.63,1.56,1.61,380,-0.13,-0.13,-0.11,-0.02,-0.03,0,0.01,0.01,0,
19:42:39,10.36,10.31,10.23,-0.13,0.03,0.03,-0.91,-1.02,-1.11,375,-0.01,0.01,0.03,0.12,0.12,0.1,-0.11,-0.1,-0.09,
19:42:41,10.22,10.17,10.17,0.37,0.34,0.4,0.74,0.67,0.68,0,0,0.01,0.01,0.08,0.08,0.08,0.02,0.02,0.01,
19:42:43,10,9.94,9.94,0.37,0.28,0.25,1.3,1.3,1.36,356,-0.04,-0.04,-0.04,0.04,0.05,0.06,-0.03,-0.03,-0.03,
19:42:45,9.73,9.73,9.63,1.12,1.15,1.19,1.5,1.8,1.66,223,0.18,0.19,0.2,0.19,0.17,0.17,0,-0.02,-0.01,
19:42:48,10.07,10.31,10.07,0.6,0.45,0.64,1.1,1.12,1.03,0,0.02,0.01,0.02,-0.02,-0.02,-0.03,-0.02,-0.01,-0.02,
19:42:50,9.72,10.11,9.69,1.26,1.15,1.28,1.71,1.84,2.07,0,-0.02,-0.05,-0.04,-0.07,-0.09,-0.06,-0.04,-0.02,-0.04,
19:42:53,9.87,9.96,9.93,0.66,0.68,0.69,1.66,1.59,1.62,329,-0.1,-0.11,-0.11,0.01,0.01,0,0,0,0,
19:42:55,9.98,10.03,10.07,0.8,0.77,0.79,1.28,1.26,1.29,235,-0.07,-0.07,-0.07,0,0.01,0.01,0.01,0.01,0.01,
19:42:57,10.04,10.09,10.02,0.48,0.44,0.45,1.13,1.07,1.18,356,-0.07,-0.06,-0.07,0.05,0.06,0.05,-0.03,-0.03,-0.03,
19:43:00,10.12,10.17,9.99,0.44,0.38,0.38,1.2,1.12,1.2,219,-0.17,-0.17,-0.16,0,0.01,0.01,-0.05,-0.05,-0.05,
19:43:02,10,10.09,10.07,0.33,0.34,0.4,0.95,0.9,0.94,340,-0.04,-0.03,-0.03,-0.02,-0.01,-0.01,-0.04,-0.04,-0.03,
19:43:04,10.12,10.1,10.08,0.65,0.55,0.57,0.83,0.87,0.87,0,-0.02,-0.03,-0.03,0.1,0.1,0.09,-0.02,-0.02,-0.02,
19:43:06,10.07,10.03,10.04,0.81,0.84,0.82,0.91,1.03,0.95,214,0.05,0.05,0.04,0.06,0.06,0.05,-0.02,-0.01,-0.02,
19:43:09,10.1,10.12,10.13,0.62,0.63,0.69,1.09,1.08,1.19,310,-0.03,-0.03,-0.04,-0.03,-0.03,-0.03,-0.03,-0.03,-0.03,
19:43:11,10.05,10.02,10,0.7,0.69,0.73,1.06,1.14,1.07,366,-0.06,-0.06,-0.06,0,0,0.01,-0.02,-0.02,-0.02,
19:43:13,10.01,10.04,10.02,0.54,0.58,0.51,1.11,1.08,1.05,228,-0.06,-0.06,-0.06,0.02,0.02,0.02,-0.03,-0.03,-0.03,
19:43:16,9.72,10,10.03,0.54,0.58,0.66,1.11,1.12,1.34,254,0,0,0.01,0.02,0.03,0.05,-0.01,-0.02,-0.02,
19:43:18,10.23,10.08,10.19,0.63,0.49,0.4,1.15,1.15,1.02,0,-0.11,-0.09,-0.11,0.03,0.09,0.06,-0.02,0.02,0.01,
19:43:20,10,10.01,10,0.49,0.51,0.52,1.13,1.19,1.21,241,-0.06,-0.07,-0.06,0.02,0.02,0.02,0,0,0,
19:43:22,9.81,9.82,9.89,0.72,0.8,0.75,1.53,1.53,1.52,0,-0.14,-0.13,-0.13,0.03,0.02,0.02,-0.06,-0.06,-0.06,
19:43:25,10.03,9.98,9.96,0.56,0.6,0.53,1.13,1.19,1.18,0,-0.1,-0.09,-0.1,0.03,0.02,0.03,0,0,0,
19:43:27,9.83,10.01,10.01,0.77,0.74,0.69,1.45,1.62,1.5,0,-0.06,-0.06,-0.07,0.06,0.07,0.08,-0.04,-0.04,-0.04,
19:43:29,9.98,9.98,9.96,0.53,0.49,0.46,1.02,0.82,0.91,339,-0.14,-0.13,-0.13,0.09,0.08,0.08,-0.05,-0.04,-0.05,
19:43:32,9.66,9.67,9.66,0.92,0.88,0.96,2,1.85,1.83,362,0,0,-0.01,0.04,0,-0.01,-0.01,0,0,
19:43:34,10.11,10.24,10.23,0.29,0.18,0.4,1.5,1.63,1.65,0,-0.13,-0.13,-0.13,-0.07,-0.07,-0.04,0.02,0.02,0.01,
19:43:36,10,10.04,10.04,0.24,0.18,0.25,1.41,1.49,1.46,218,-0.02,-0.02,-0.01,0.16,0.15,0.15,-0.05,-0.05,-0.05,
19:43:38,9.92,9.87,9.91,0.34,0.39,0.4,1.6,1.65,1.59,368,0.06,0.06,0.06,-0.01,-0.01,-0.01,0.03,0.03,0.03,
19:43:41,10.1,9.99,10.08,0.39,0.23,0.31,1.96,2.35,1.88,269,-0.08,-0.07,-0.06,0.02,0,0.01,-0.07,-0.07,-0.05,
19:43:45,9.9,9.84,9.98,0.38,0.32,0.38,1.44,2.02,1.45,377,-0.01,-0.01,0,-0.08,-0.1,-0.08,0.02,0.02,0.03,
19:43:47,9.72,9.56,9.48,1.16,1.16,1.57,2.03,2.01,1.87,370,-0.13,-0.14,-0.15,0,0,0,0.06,0.06,0.03,
19:43:49,9.71,9.71,9.73,0.38,0.32,0.29,1.31,1.44,1.43,130,-0.12,-0.12,-0.12,-0.03,-0.04,-0.07,-0.01,-0.01,-0.01,
19:43:51,9.93,9.9,9.92,0.49,0.54,0.55,2.1,2.07,2.08,229,-0.03,-0.04,-0.04,0.09,0.09,0.09,-0.04,-0.04,-0.04,
19:43:54,9.83,9.83,9.89,0.29,0.26,0.37,1.24,1.35,1.29,224,-0.01,0,0.01,-0.1,-0.09,-0.1,0.04,0.05,0.05,
19:43:56,9.77,9.73,9.81,0.82,0.82,0.79,2.38,2.34,2.28,230,-0.05,-0.05,-0.05,0.06,0.06,0.07,-0.07,-0.07,-0.07,
19:43:59,9.82,9.91,10.04,0.71,0.82,0.75,0.35,0.47,0.37,363,0,0,0,0.07,0.05,0.07,0.01,0.01,0.02,
19:44:01,9.98,10,10.07,0.69,0.68,0.63,0.56,0.57,0.57,230,0.07,0.07,0.07,0.14,0.14,0.15,-0.01,-0.01,-0.01,
19:44:03,10.17,9.62,10.05,0.87,0.79,0.73,1.78,1.68,1.42,300,-0.04,-0.02,-0.05,0.05,0.07,0.04,-0.01,0.02,0.04,
19:44:05,9.74,9.8,9.91,0.57,0.68,0.63,2.27,2.19,2.28,237,-0.18,-0.18,-0.19,0.11,0.11,0.12,-0.13,-0.14,-0.14,
19:44:09,9.67,9.62,9.72,0.97,0.78,0.67,1.76,1.91,1.87,233,-0.14,-0.15,-0.15,-0.1,-0.12,-0.12,0.04,0.04,0.03,
19:44:12,9.86,9.84,9.96,0.48,0.54,0.57,1.31,1.29,1.38,349,-0.05,-0.05,-0.05,-0.04,-0.06,-0.05,-0.04,-0.03,-0.03,
19:44:16,9.7,9.9,9.9,0.4,0.47,0.47,1.58,1.8,1.67,220,0.08,0.09,0.08,0.01,0.02,0,0.01,0,0,
19:44:18,9.81,9.95,9.9,0.49,0.52,0.45,1.42,1.54,1.54,357,-0.13,-0.13,-0.13,-0.1,-0.1,-0.09,-0.02,-0.02,-0.01,
19:44:20,9.79,9.67,10.01,0.36,0.35,0.25,1.79,1.73,2.02,282,0.1,0.12,0.12,0.08,0.05,0.06,-0.02,-0.02,-0.01,
19:44:22,9.87,9.84,9.89,0.72,0.75,0.71,1.99,1.98,2,261,-0.08,-0.08,-0.08,-0.03,-0.03,-0.03,0.01,0.02,0.02,
19:44:26,9.82,9.84,9.74,0.83,0.79,0.81,2.08,2.01,1.97,228,-0.11,-0.12,-0.12,0.01,0.01,-0.01,0,0,0.01,
19:44:28,9.86,9.91,9.89,0.91,0.87,0.9,2.08,2.21,2.13,231,0.06,0.05,0.05,0.08,0.08,0.08,-0.03,-0.02,-0.03,
19:44:30,9.97,9.89,9.89,0.36,0.24,0.34,1.77,1.72,1.67,0,-0.06,-0.05,-0.05,0.08,0.09,0.09,-0.04,-0.05,-0.06,
19:44:32,10.01,10.02,10.07,0.49,0.44,0.47,1.4,1.41,1.39,216,-0.07,-0.07,-0.07,-0.03,-0.03,-0.03,0.03,0.03,0.02,
19:44:35,9.65,9.67,9.76,0.83,0.82,0.79,2.16,2.07,2.19,318,-0.09,-0.1,-0.1,-0.01,-0.01,0,-0.01,-0.01,0,
19:44:37,9.92,10.03,9.94,0.19,0.14,0.11,1.46,1.58,1.76,256,0.2,0.21,0.19,0.16,0.17,0.17,-0.03,-0.04,-0.04,
19:44:39,9.21,9.17,9.1,1.38,1.37,1.39,2.7,2.71,2.7,0,-0.18,-0.19,-0.2,-0.04,-0.05,-0.05,-0.01,-0.01,-0.01,
19:44:42,9.82,9.96,9.86,0.65,0.74,0.76,1.93,2.02,1.95,234,-0.11,-0.11,-0.11,0.03,0.05,0.06,-0.04,-0.05,-0.06,
19:44:44,9.67,9.77,9.66,0.41,0.45,0.6,1.61,1.69,1.63,378,-0.09,-0.1,-0.12,0.02,0.03,0.04,0.09,0.08,0.07,
19:44:47,9.56,9.56,9.72,1.84,1.98,2,2.66,2.63,2.74,368,0.37,0.36,0.36,0.15,0.16,0.17,0.04,0.03,0.02,
19:44:51,9.58,9.49,9.53,0.98,0.98,0.93,2.16,2.37,2.21,289,-0.15,-0.14,-0.14,0.05,0.03,0.04,0.05,0.05,0.05,
19:44:54,9.76,9.49,9.73,0.96,0.98,0.95,2.27,2.46,2.29,340,-0.15,-0.16,-0.16,0,-0.02,-0.04,0.03,0.04,0.05,
19:44:56,10.13,10.15,9.99,1.06,1.14,1.09,1.84,1.36,1.95,217,-0.01,0,0.04,0.02,0.04,0.04,0.1,0.12,0.11,
19:44:58,9.93,9.89,9.94,0.79,0.68,0.62,1.92,1.89,1.92,368,-0.12,-0.12,-0.12,0.13,0.12,0.12,-0.09,-0.09,-0.09,
19:45:00,9.57,9.59,9.71,1.02,0.87,1.01,2.4,2.64,2.29,321,-0.1,-0.09,-0.1,0.07,0.02,0.03,-0.05,-0.06,-0.05,
19:45:03,9.68,9.64,9.7,1.27,1.38,1.39,2.42,2.41,2.32,372,-0.24,-0.24,-0.25,0.08,0.1,0.08,-0.03,-0.02,-0.03,
19:45:05,9.46,9.36,9.4,2,2.06,2.04,2.52,2.36,2.79,346,-0.02,-0.02,-0.02,0.06,0.05,0.03,-0.01,-0.01,-0.01,
19:45:07,9.74,9.73,9.8,2.26,2.26,2.28,1.87,2.01,2,214,0.12,0.11,0.11,0.07,0.07,0.08,0.02,0.03,0.02,
19:45:09,9.48,9.45,9.45,0.96,0.91,0.93,2.9,2.8,2.81,253,-0.08,-0.08,-0.09,0.04,0.04,0.03,0.01,0,0,
19:45:11,10.24,10.18,10.07,0.79,0.79,0.68,1.4,1.38,1.39,362,0.01,0.02,0.04,0.12,0.12,0.1,0.04,0.05,0.05,
19:45:14,10.27,10,10.03,-0.57,-0.47,-0.38,2.12,2.07,2.17,283,-0.11,-0.08,-0.07,0.11,0.12,0.12,-0.01,-0.02,-0.03,
19:45:16,9.59,9.78,9.58,0.8,1.08,0.97,2.77,2.16,2.36,226,-0.04,-0.03,-0.05,0.05,0.08,0.08,-0.03,-0.03,-0.03,
19:45:18,9.64,9.51,9.61,1.09,1.27,1.1,2.75,2.99,2.9,374,-0.09,-0.08,-0.09,-0.01,-0.01,0.01,0.02,0,0.01,
19:45:21,9.28,9.26,9.23,1.29,1.33,1.38,3.23,3.23,3.22,252,-0.29,-0.3,-0.3,-0.09,-0.09,-0.09,0,-0.01,-0.01,
19:45:23,9.69,9.64,9.65,0.23,0.37,0.61,2.86,2.84,2.91,248,-0.22,-0.22,-0.22,-0.05,-0.02,-0.02,-0.03,-0.03,-0.07,
19:45:25,9.94,9.78,9.87,0.07,0.14,0.07,2.82,2.88,2.77,357,-0.3,-0.29,-0.28,-0.03,-0.01,-0.02,-0.06,-0.06,-0.06,
19:45:27,9.62,9.62,9.58,0.51,0.56,0.55,2.89,2.89,2.86,376,-0.28,-0.28,-0.28,0.02,0.02,0.01,-0.08,-0.08,-0.07,
19:45:29,10.18,9.75,10.07,0.66,0.69,0.6,1.76,1.91,2.12,376,-0.22,-0.21,-0.2,-0.09,-0.12,-0.12,-0.19,-0.2,-0.19,
19:45:31,9.59,9.65,9.68,1.26,1.29,1.25,2.7,2.75,2.73,274,-0.15,-0.15,-0.15,0.01,0.01,0.01,-0.03,-0.03,-0.03,
19:45:36,9.48,9.57,9.61,2.21,2.2,2.21,2.66,2.47,2.3,328,-0.04,-0.06,-0.07,0,0,0.01,0.04,0.04,0.04,
19:45:38,9.88,9.9,9.86,-0.06,-0.06,-0.06,2.02,2.01,1.95,226,-0.12,-0.12,-0.12,0.02,0.03,0.03,-0.01,-0.01,-0.01,
19:48:09,1.93,1.92,1.92,5.46,5.47,5.42,8.17,8.19,8.23,0,-0.08,-0.07,-0.07,0.03,0.04,0.03,-0.02,-0.02,-0.02,N
19:48:17,1.96,1.93,1.96,5.34,5.43,5.36,8.15,8.22,8.18,1,-0.08,-0.08,-0.08,0.03,0.03,0.03,-0.02,-0.03,-0.02,N
19:48:19,1.95,2.02,1.91,5.42,5.48,5.43,8.14,8.17,8.22,0,-0.07,-0.07,-0.08,0.04,0.03,0.04,-0.02,-0.02,-0.02,N
19:48:21,1.92,1.94,1.93,5.48,5.47,5.42,8.19,8.15,8.18,9,-0.08,-0.08,-0.07,0.03,0.03,0.04,-0.03,-0.03,-0.02,N
19:48:24,1.67,1.72,1.75,5.71,5.67,5.57,8.2,8.08,8.29,0,-0.08,-0.09,-0.07,0.05,0.03,0.03,-0.04,-0.03,-0.02,N
19:48:27,2.11,2.04,2.05,5.24,5.32,5.36,8.07,8.04,8.2,10,-0.07,-0.08,-0.07,0.01,0.02,0.02,-0.01,-0.02,-0.02,N
19:48:29,1.92,1.89,1.93,5.32,5.33,5.34,8.23,8.08,8.1,0,-0.07,-0.07,-0.07,0.01,0.01,0.01,-0.01,-0.01,-0.01,N
19:48:31,2.02,1.95,2.04,5.46,5.43,5.43,8.14,8.14,8.22,19,-0.07,-0.08,-0.08,0.03,0.03,0.04,-0.02,-0.03,-0.02,N
19:48:33,1.94,1.85,1.88,5.44,5.44,5.47,8.19,8.26,8.26,0,-0.07,-0.08,-0.08,0.03,0.03,0.03,-0.02,-0.02,-0.02,N
19:48:36,1.9,1.89,1.86,5.45,5.44,5.47,8.34,8.39,8.27,1,-0.08,-0.08,-0.08,0.05,0.05,0.05,-0.03,-0.03,-0.02,N
19:48:38,1.93,1.95,1.92,5.34,5.48,5.46,8.16,8.18,8.22,12,-0.07,-0.08,-0.08,0.03,0.03,0.03,-0.02,-0.02,-0.02,N
19:48:40,2.13,2.24,2.28,5.34,5.33,5.32,8.28,8.27,8.15,0,-0.04,-0.09,-0.09,-0.11,-0.08,-0.06,0.05,0.03,0.03,N
16:32:51,0.3,0.3,0.32,-0.4,-0.34,-0.41,10.1,10.08,10.05,2,-0.07,-0.07,-0.08,0.03,0.03,0.02,-0.02,-0.02,-0.02,N
16:32:57,9.42,9.52,9.63,-4.56,-4.43,-4.28,2.97,3.07,2.91,2,0.79,0.77,0.71,1.09,1.03,0.96,0.46,0.43,0.38,N
16:32:59,6.02,6.22,6.7,-4.49,-4.65,-4.38,5.71,5.97,5.87,2,1.4,1.39,1.32,-0.34,-0.23,-0.22,-0.56,-0.55,-0.51,N
16:33:01,4.57,4.66,4.53,-2.79,-2.87,-2.79,8.43,8.6,8.46,2,-0.09,-0.05,-0.06,0.09,0.12,0.06,-0.02,0,0,N
16:33:03,4.7,4.62,4.7,-2.82,-2.87,-2.85,8.46,8.49,8.48,2,-0.06,-0.07,-0.06,0.1,0.08,0.07,-0.01,-0.01,-0.01,N
16:33:06,3.34,3.14,3.52,-2.84,-2.36,-2.15,9.09,9.36,9.49,2,0.01,0.04,-0.02,-0.38,-0.27,-0.21,-0.31,-0.26,-0.29,N
16:33:08,4.36,4.36,4.38,-2.69,-2.71,-2.38,8.89,8.67,8.96,2,-0.01,-0.04,-0.1,0.01,0.05,0.04,0,0,-0.02,N
16:33:10,4.12,4.13,4.05,-2.49,-2.51,-2.49,8.81,8.9,8.91,1,-0.07,-0.07,-0.07,0.03,0.03,0.03,-0.03,-0.03,-0.02,N
16:33:12,4.1,4.12,4.08,-2.39,-2.47,-2.49,8.88,8.89,8.95,2,-0.07,-0.07,-0.07,0.03,0.02,0.03,-0.02,-0.02,-0.02,N
16:33:14,4.01,4.05,4.02,-2.34,-2.39,-2.38,8.86,8.94,8.85,1,-0.08,-0.08,-0.09,0.04,0.03,0.02,-0.02,-0.03,-0.03,N
16:33:17,3.97,3.97,4.03,-2.51,-2.44,-2.5,8.94,8.92,8.96,1,-0.07,-0.08,-0.07,0.04,0.03,0.03,-0.02,-0.02,-0.02,N
16:33:19,4.06,4.1,4.14,-2.54,-2.41,-2.48,8.92,8.78,8.87,2,-0.07,-0.07,-0.07,0.03,0.03,0.02,-0.02,-0.02,-0.02,N
16:33:21,4.24,4.24,4.03,-2.45,-2.36,-2.44,8.93,8.8,8.87,2,-0.05,-0.06,-0.09,0.08,0.04,-0.02,-0.01,0,0.01,N
16:33:23,4.03,4.07,4.18,-2.53,-2.48,-2.46,8.96,8.82,8.91,1,-0.07,-0.07,-0.07,0.02,0.03,0.04,-0.02,-0.02,-0.02,N
16:33:25,4.16,4.13,4.1,-2.48,-2.46,-2.46,8.84,8.98,8.89,1,-0.07,-0.07,-0.07,0.03,0.03,0.03,-0.02,-0.03,-0.02,N
16:33:27,4.05,4.07,4.13,-2.42,-2.49,-2.48,8.91,8.93,8.9,1,-0.07,-0.07,-0.07,0.03,0.03,0.03,-0.02,-0.02,-0.02,N
16:33:30,4.09,4.12,4.07,-2.49,-2.44,-2.44,8.87,8.95,8.92,1,-0.07,-0.07,-0.08,0.03,0.03,0.02,-0.02,-0.02,-0.02,N
16:33:32,4.11,4.17,4.06,-2.55,-2.56,-2.46,8.95,8.81,8.94,2,-0.07,-0.07,-0.07,0.03,0.03,0.03,-0.03,-0.02,-0.02,N
16:33:34,4.05,4.11,4.05,-2.48,-2.47,-2.54,8.88,8.95,8.87,1,-0.07,-0.07,-0.07,0.03,0.03,0.03,-0.03,-0.02,-0.03,N
16:33:36,4.07,4.05,4.03,-2.52,-2.47,-2.52,8.87,8.84,8.89,2,-0.07,-0.07,-0.07,0.03,0.03,0.03,-0.02,-0.02,-0.02,N
16:33:39,4.11,4.15,4.07,-2.47,-2.46,-2.5,8.82,8.92,8.83,2,-0.07,-0.07,-0.07,0.03,0.03,0.02,-0.02,-0.02,-0.02,N
16:33:41,4.09,4.15,4.08,-2.51,-2.46,-2.54,8.88,8.88,8.94,2,-0.07,-0.08,-0.08,0.03,0.03,0.03,-0.03,-0.02,-0.03,N
16:33:43,4.11,4.13,4.13,-2.56,-2.49,-2.44,8.93,8.83,8.88,2,-0.07,-0.07,-0.07,0.03,0.03,0.03,-0.02,-0.02,-0.02,N
16:33:45,4.06,4.08,4.1,-2.43,-2.52,-2.58,8.86,8.83,8.91,2,-0.07,-0.07,-0.08,0.03,0.03,0.03,-0.02,-0.02,-0.02,N
16:33:48,4.05,4.07,4.11,-2.48,-2.43,-2.49,8.96,8.85,8.86,2,-0.07,-0.07,-0.07,0.03,0.03,0.03,-0.02,-0.02,-0.02,N
16:33:50,4.1,4.1,4.08,-2.49,-2.55,-2.53,8.85,8.92,8.82,1,-0.07,-0.07,-0.07,0.03,0.02,0.03,-0.02,-0.02,-0.02,N
16:33:52,4.1,4.04,4.1,-2.51,-2.5,-2.45,8.91,8.82,8.88,1,-0.07,-0.07,-0.07,0.02,0.03,0.03,-0.03,-0.03,-0.02,N
16:33:54,4.12,4.13,4.07,-2.54,-2.48,-2.48,8.94,8.89,8.84,2,-0.07,-0.08,-0.07,0.03,0.03,0.03,-0.02,-0.02,-0.03,N
16:33:56,4.02,4.09,4.05,-2.5,-2.51,-2.45,8.87,8.94,8.88,1,-0.07,-0.07,-0.07,0.03,0.03,0.03,-0.02,-0.02,-0.02,N
16:33:59,4.02,4.09,4.09,-2.49,-2.49,-2.49,8.88,8.9,8.82,2,-0.07,-0.07,-0.07,0.03,0.02,0.03,-0.02,-0.02,-0.02,N
16:34:01,4.1,4.06,4.11,-2.47,-2.49,-2.5,8.96,8.85,8.88,2,-0.07,-0.07,-0.07,0.03,0.03,0.03,-0.02,-0.02,-0.02,N
16:34:03,4.09,4,4.02,-2.52,-2.58,-2.46,8.94,8.88,8.87,1,-0.08,-0.07,-0.07,0.03,0.03,0.03,-0.02,-0.02,-0.02,N
16:34:06,4.2,4.14,4.21,-2.48,-2.5,-2.5,8.88,8.98,8.99,2,-0.1,-0.09,-0.08,0.04,0.05,0.06,-0.04,-0.03,-0.02,N
16:34:08,4.16,4.13,4.07,-2.5,-2.51,-2.49,8.85,8.96,8.88,2,-0.07,-0.07,-0.07,0.04,0.05,0.05,-0.03,-0.02,-0.03,N
16:34:10,4.11,4.13,4.09,-2.45,-2.49,-2.47,8.83,8.89,8.91,1,-0.07,-0.07,-0.07,0.03,0.03,0.04,-0.02,-0.02,-0.02,N
16:34:12,4.35,4.29,4.29,-2.37,-2.37,-2.46,8.97,8.83,8.92,2,-0.05,-0.07,-0.07,0.06,0.06,0.04,0,0.01,0,N
16:34:15,3.93,3.84,3.88,-2.4,-2.42,-2.4,9.03,9,8.96,2,-0.09,-0.09,-0.09,-0.02,-0.01,0,-0.04,-0.02,-0.02,N
16:34:17,4.17,4,3.83,-2.55,-2.64,-2.69,9.07,8.86,8.96,2,-0.11,-0.01,-0.05,0.04,0.07,0.04,-0.03,-0.01,-0.01,N
16:34:19,4.02,4.01,4.04,-2.49,-2.48,-2.58,8.88,8.97,8.89,1,-0.08,-0.07,-0.07,0.04,0.03,0.03,-0.02,-0.01,-0.02,N
16:34:22,3.99,4.1,4.1,-2.52,-2.44,-2.49,8.86,8.87,8.86,2,-0.07,-0.07,-0.07,0.02,0.02,0.02,-0.02,-0.03,-0.02,N
16:34:25,4.09,3.95,4.05,-2.55,-2.5,-2.49,8.86,8.83,8.82,2,-0.08,-0.09,-0.07,0.02,0,0.02,-0.02,-0.03,-0.03,N
16:34:27,4.07,4.07,4,-2.5,-2.46,-2.44,8.88,8.94,8.82,1,-0.07,-0.07,-0.07,0.03,0.03,0.03,-0.03,-0.02,-0.02,N
16:34:30,4.11,4.07,4.05,-2.5,-2.57,-2.53,8.85,8.88,8.92,2,-0.07,-0.07,-0.07,0.03,0.03,0.03,-0.02,-0.03,-0.02,N
16:34:32,4.03,4.07,4.08,-2.49,-2.43,-2.52,8.89,8.89,8.9,1,-0.07,-0.07,-0.07,0.02,0.03,0.02,-0.02,-0.02,-0.02,N
16:34:35,4.18,4.12,4.08,-2.53,-2.52,-2.44,8.99,8.88,8.85,1,-0.07,-0.07,-0.06,0.02,0.03,0.03,-0.02,-0.03,-0.02,N
16:34:37,4.02,4.07,4.11,-2.48,-2.44,-2.5,8.88,8.83,8.96,1,-0.07,-0.07,-0.07,0.03,0.02,0.02,-0.02,-0.02,-0.02,N
16:34:39,4.18,4.18,4.15,-2.55,-2.53,-2.51,8.94,8.97,8.95,1,-0.07,-0.07,-0.07,0.02,0.03,0.03,-0.02,-0.02,-0.02,N
16:34:42,4.06,4.08,4.11,-2.49,-2.53,-2.58,8.89,8.89,9.01,1,-0.07,-0.07,-0.07,0.03,0.03,0.03,-0.02,-0.02,-0.02,N
16:34:44,4.06,4.13,4.08,-2.49,-2.45,-2.43,8.93,9.05,9.02,1,-0.08,-0.08,-0.08,0.01,0.02,0.04,-0.03,-0.02,-0.02,N
16:34:46,4.08,4.1,4.05,-2.52,-2.46,-2.49,8.89,8.88,8.95,2,-0.08,-0.07,-0.07,0.03,0.02,0.02,-0.02,-0.02,-0.02,N
16:34:49,3.96,3.97,4.01,-2.41,-2.4,-2.57,9.07,9.12,9,2,-0.08,-0.05,-0.05,-0.01,0,0.01,-0.02,-0.03,-0.03,N
16:34:51,4.19,4.15,4.22,-2.47,-2.49,-2.52,8.8,8.84,8.79,1,-0.07,-0.07,-0.08,0.02,0.03,0.03,-0.02,-0.01,-0.02,N
16:34:53,3.99,3.96,4.02,-2.49,-2.47,-2.48,8.92,8.84,8.85,1,-0.07,-0.08,-0.08,0.03,0.03,0.02,-0.02,-0.02,-0.02,N
16:34:55,4.3,4.19,4.24,-2.57,-2.55,-2.42,8.77,8.77,8.86,2,-0.07,-0.07,-0.08,0.04,0.05,0.05,-0.02,-0.03,-0.02,N
16:34:58,4.12,4.09,4.13,-2.54,-2.55,-2.52,8.86,8.85,8.94,1,-0.07,-0.07,-0.07,0.02,0.02,0.02,-0.02,-0.02,-0.02,N
16:35:00,4.09,4.08,4.13,-2.48,-2.42,-2.42,8.85,8.86,8.84,2,-0.06,-0.06,-0.07,-0.01,-0.01,-0.02,-0.01,-0.01,-0.01,N
16:35:02,4.25,4.25,4.24,-2.52,-2.42,-2.49,8.83,8.82,8.75,1,-0.05,-0.06,-0.06,0.02,0.04,0.04,-0.02,-0.03,-0.03,N
16:35:04,4.21,4.23,4.07,-2.32,-2.35,-2.5,8.79,8.94,9.02,1,-0.08,-0.09,-0.06,0.04,0.05,0.03,-0.04,-0.05,-0.04,N
16:35:07,4.31,4.28,4.16,-2.46,-2.43,-2.54,8.94,8.82,8.9,1,-0.07,-0.09,-0.09,0.04,0,-0.02,-0.05,-0.06,-0.03,N
16:35:09,3.96,4,4.16,-2.46,-2.51,-2.57,9.3,8.86,9.03,2,-0.06,-0.06,-0.05,0.01,-0.01,0.06,-0.02,-0.01,0,N
16:35:11,4.01,3.94,4.03,-2.43,-2.4,-2.41,8.95,8.94,8.93,2,-0.07,-0.07,-0.07,0.03,0.03,0.03,-0.02,-0.02,-0.02,N
16:35:13,3.98,4.01,4.07,-2.43,-2.41,-2.45,8.99,8.95,8.95,1,-0.07,-0.07,-0.07,0.02,0.03,0.03,-0.03,-0.03,-0.03,N
16:35:16,4.01,3.97,3.97,-2.43,-2.45,-2.43,8.94,8.83,8.88,2,-0.07,-0.07,-0.07,0.02,0.02,0.02,-0.02,-0.03,-0.03,N
16:35:18,3.96,3.88,3.85,-2.36,-2.37,-2.34,8.93,8.85,8.96,2,-0.08,-0.08,-0.08,0.05,0.04,0.04,-0.02,-0.03,-0.02,N
16:35:20,3.96,3.96,3.9,-2.43,-2.42,-2.39,8.93,8.96,9.01,2,-0.08,-0.08,-0.08,0.06,0.06,0.06,-0.02,-0.02,-0.02,N
16:35:22,4,3.99,3.96,-2.38,-2.42,-2.38,8.95,8.93,9.04,1,-0.07,-0.08,-0.08,0.03,0.02,0.01,-0.02,-0.02,-0.02,N
16:35:24,3.91,3.88,3.96,-2.41,-2.42,-2.39,8.91,8.96,9,2,-0.08,-0.08,-0.08,0.04,0.03,0.03,-0.02,-0.02,-0.02,N
16:35:27,3.93,3.96,3.93,-2.36,-2.41,-2.38,8.92,9,8.96,1,-0.07,-0.07,-0.08,0.03,0.03,0.03,-0.02,-0.02,-0.02,N
16:35:29,3.92,4.02,3.98,-2.49,-2.45,-2.5,9.05,9.02,9.03,2,-0.08,-0.08,-0.08,0.02,0.03,0.03,-0.02,-0.02,-0.02,N
16:35:32,3.9,3.85,3.79,-2.39,-2.38,-2.38,8.94,9,8.91,1,-0.09,-0.08,-0.09,0.05,0.03,0.01,-0.02,-0.02,-0.02,N
16:35:34,4.06,4.13,4.03,-2.66,-2.63,-2.4,9.06,9.25,8.83,2,-0.08,-0.08,-0.08,0.06,0.05,0,0,-0.02,-0.03,N
17:29:06,8.85,8.92,8.94,-3.58,-3.56,-3.59,3.09,3.08,3.13,402,-0.08,-0.08,-0.08,0.03,0.03,0.02,-0.03,-0.03,-0.03,N
17:29:17,8.91,8.95,8.9,-3.55,-3.56,-3.54,3.13,3.15,3.07,416,-0.07,-0.07,-0.07,0.03,0.04,0.03,-0.02,-0.02,-0.02,N
17:29:19,9.07,9.13,8.97,-3.09,-3.04,-3,2.97,2.95,2.98,403,-0.12,-0.12,-0.12,0.01,0.01,0.01,-0.03,-0.02,-0.03,N
17:29:22,8.96,8.94,8.92,-3.35,-3.46,-3.39,3.25,3.21,3.15,398,-0.08,-0.08,-0.08,0.03,0.03,0.03,-0.02,-0.02,-0.02,N
17:29:24,8.9,8.95,9,-3.47,-3.42,-3.52,3.19,3.22,3.25,414,-0.07,-0.07,-0.07,0.03,0.03,0.03,-0.02,-0.02,-0.02,N
17:29:26,8.95,8.9,8.87,-3.51,-3.52,-3.45,3.24,3.17,3.15,414,-0.08,-0.07,-0.08,0.03,0.03,0.03,-0.02,-0.02,-0.02,N
17:29:28,8.98,8.96,8.94,-3.47,-3.5,-3.54,3.14,3.19,3.13,414,-0.07,-0.07,-0.07,0.03,0.03,0.03,-0.02,-0.02,-0.02,N
17:29:30,8.83,8.86,8.82,-3.57,-3.52,-3.51,3.24,3.23,3.27,412,-0.11,-0.11,-0.11,0.03,0.03,0.03,-0.03,-0.04,-0.04,N
17:29:33,8.94,8.95,8.91,-3.47,-3.45,-3.41,3.17,3.09,3.18,414,-0.07,-0.07,-0.07,0.03,0.03,0.03,-0.02,-0.02,-0.02,N
17:29:35,8.87,8.88,8.8,-2.7,-2.6,-2.65,4.02,4.03,4.06,403,-0.09,-0.09,-0.09,0,0,0,-0.03,-0.04,-0.04,N
17:29:37,8.79,8.95,8.91,-2.89,-2.88,-2.87,3.98,3.88,3.95,404,-0.06,-0.07,-0.06,0.03,0.03,0.03,0,0,0,N
17:29:40,8.87,8.88,8.87,-2.89,-2.86,-2.9,3.87,3.85,3.91,412,-0.07,-0.08,-0.07,0.03,0.03,0.03,-0.02,-0.02,-0.02,N
17:29:42,8.92,8.82,8.9,-2.92,-2.96,-2.93,3.88,3.83,3.84,413,-0.07,-0.07,-0.07,0.03,0.03,0.03,-0.02,-0.02,-0.02,N
17:29:44,8.93,8.86,8.91,-2.94,-2.88,-2.91,3.87,3.85,3.78,410,-0.07,-0.07,-0.07,0.03,0.04,0.04,0,0,0,
17:29:49,8.76,8.79,8.79,-3,-3.01,-2.97,3.76,3.85,3.8,408,-0.06,-0.07,-0.07,0.03,0.03,0.03,-0.03,-0.03,-0.03,
17:29:52,8.66,8.85,8.81,-3,-2.95,-3.02,3.68,3.81,3.74,415,-0.06,-0.06,-0.05,0.05,0.04,0.05,-0.01,-0.01,-0.01,
17:29:57,8.83,8.83,8.76,-3.27,-3.21,-3.42,3.65,3.76,3.7,408,-0.12,-0.11,-0.12,0.03,0.03,0.03,-0.05,-0.06,-0.05,
17:29:59,8.93,8.97,8.97,-3.06,-3.03,-3.02,3.64,3.49,3.64,387,-0.02,-0.01,-0.02,0.03,0.03,0.03,0.02,0.02,0.02,
17:30:03,8.82,8.8,8.79,-3.35,-3.36,-3.34,3.63,3.63,3.7,377,-0.05,-0.05,-0.05,0.03,0.03,0.03,-0.04,-0.04,-0.04,
17:30:06,8.83,8.82,8.73,-3.14,-3.08,-3.12,3.76,3.76,3.73,402,-0.06,-0.06,-0.06,0.02,0.02,0.01,-0.03,-0.03,-0.03,
17:30:09,8.92,8.97,8.89,-3.17,-3.12,-3.09,3.63,3.56,3.52,398,-0.11,-0.1,-0.1,0.03,0.03,0.03,-0.03,-0.03,-0.03,
17:30:11,8.96,8.89,8.85,-3.07,-3.09,-3.11,3.46,3.51,3.57,420,-0.06,-0.06,-0.07,0.02,0.01,0.01,-0.03,-0.02,-0.03,
17:30:13,8.82,8.83,8.88,-3.17,-3.18,-3.13,3.77,3.61,3.74,406,-0.08,-0.08,-0.08,0.01,0.02,0.02,-0.02,-0.02,-0.03,
17:30:16,8.95,8.92,8.87,-3.31,-3.22,-3.14,3.62,3.8,3.68,408,-0.05,-0.05,-0.06,0.07,0.06,0.07,0.01,0.02,0.02,
17:30:18,8.84,8.82,8.84,-2.99,-2.88,-2.92,3.63,3.64,3.66,399,-0.05,-0.05,-0.06,0.04,0.04,0.04,-0.03,-0.03,-0.03,
17:30:20,8.9,8.97,8.9,-3.49,-3.52,-3.5,3.47,3.39,3.39,410,-0.07,-0.07,-0.06,0,0,0.01,0,-0.01,-0.01,
17:30:24,8.86,8.83,8.88,-3.39,-3.42,-3.51,3.54,3.57,3.54,429,-0.07,-0.06,-0.06,0.02,0.03,0.02,-0.02,-0.02,-0.02,
17:30:26,8.91,8.93,8.85,-3.28,-3.22,-3.21,3.78,3.74,3.61,411,-0.08,-0.08,-0.07,0,0.01,0.01,-0.03,-0.03,-0.03,
17:30:29,8.84,8.83,8.87,-3.16,-3.17,-3.12,3.63,3.68,3.75,413,-0.08,-0.08,-0.08,0.02,0.03,0.03,-0.03,-0.03,-0.03,
17:30:33,8.9,8.88,8.87,-3.08,-3.15,-3.05,3.67,3.67,3.65,403,-0.09,-0.09,-0.09,0.03,0.04,0.03,-0.04,-0.04,-0.04,
17:30:36,8.92,8.94,8.98,-3.41,-3.5,-3.35,3.29,3.39,3.51,410,-0.08,-0.08,-0.07,0.02,0.03,0.03,-0.03,-0.03,-0.03,
17:30:38,8.76,8.76,8.72,-2.55,-2.58,-2.61,3.82,3.82,3.8,406,-0.15,-0.16,-0.16,0.04,0.04,0.04,-0.06,-0.06,-0.06,
17:30:40,8.79,8.84,8.8,-3.06,-2.99,-3.01,3.69,3.62,3.72,410,-0.08,-0.08,-0.08,0.02,0.02,0.02,-0.04,-0.03,-0.04,
17:30:43,8.94,8.96,8.87,-3.07,-3.05,-3.05,3.53,3.43,3.51,413,-0.08,-0.09,-0.08,0.01,0.01,0.01,-0.04,-0.03,-0.03,
17:30:45,8.89,8.81,8.83,-3.06,-3.07,-3.07,3.69,3.72,3.66,425,-0.09,-0.09,-0.1,0.01,0.02,0.01,-0.01,-0.01,-0.02,
17:30:48,8.86,8.84,8.91,-3.22,-3.28,-3.19,3.59,3.63,3.69,450,-0.06,-0.06,-0.06,0.02,0.02,0.02,-0.05,-0.04,-0.05,
17:30:50,8.79,8.77,8.94,-3.12,-3.05,-3.01,3.73,3.75,3.73,402,-0.09,-0.09,-0.09,0.01,0.02,0.01,0.01,0.01,0.01,
17:30:55,8.79,8.84,8.86,-3.16,-3.16,-3.14,3.66,3.66,3.71,405,-0.07,-0.07,-0.07,0.04,0.03,0.04,-0.02,-0.02,-0.02,
17:30:57,8.93,8.87,8.94,-3.38,-3.35,-3.45,3.55,3.35,3.38,408,-0.06,-0.06,-0.05,0.02,0.01,0.03,-0.02,-0.03,-0.02,
17:31:00,8.88,8.81,8.88,-3.15,-3.09,-3.09,3.47,3.46,3.45,427,0,0,-0.01,0.02,0.01,0,-0.01,-0.02,-0.01,
17:31:03,8.77,8.74,8.87,-3.33,-3.29,-3.09,3.57,3.62,3.6,392,-0.02,-0.02,-0.03,0.08,0.07,0.06,-0.01,-0.01,-0.01,
17:31:07,8.86,8.89,8.83,-3.19,-3.18,-3.11,3.63,3.63,3.54,441,-0.07,-0.08,-0.08,0.03,0.02,0.03,-0.01,-0.01,-0.02,
17:31:09,8.77,8.8,8.75,-3.04,-3.07,-3.05,3.84,3.78,3.76,450,-0.11,-0.11,-0.12,0.02,0.02,0.02,-0.03,-0.02,-0.03,
17:31:12,8.96,9.01,8.96,-3.06,-3.2,-3.05,3.52,3.5,3.53,432,-0.03,-0.04,-0.03,0.06,0.05,0.06,-0.01,-0.01,-0.01,
17:31:14,9.05,8.94,8.94,-3.25,-3.18,-3,3.35,3.4,3.44,461,-0.09,-0.08,-0.1,0.03,0.04,0.01,-0.03,-0.02,-0.03,
17:31:16,8.81,8.85,8.84,-3.11,-3.16,-3.15,3.64,3.62,3.67,353,-0.06,-0.07,-0.07,0.05,0.04,0.04,-0.04,-0.04,-0.04,
17:31:18,8.82,8.82,8.79,-3.26,-3.3,-3.21,3.68,3.6,3.67,354,-0.09,-0.09,-0.08,0.01,0.01,0.01,-0.03,-0.02,-0.02,
17:31:21,8.85,8.8,8.74,-3.28,-3.26,-3.29,3.5,3.48,3.5,440,-0.12,-0.11,-0.11,0.02,0.02,0.02,-0.04,-0.03,-0.03,
17:31:25,8.6,8.63,8.68,-3.33,-3.32,-3.45,3.8,3.75,3.76,493,-0.08,-0.08,-0.08,0.02,0.02,0.02,-0.05,-0.05,-0.05,
17:31:29,8.78,8.73,8.77,-3.24,-3.32,-3.3,3.47,3.63,3.63,432,-0.12,-0.12,-0.12,0.04,0.03,0.03,-0.03,-0.03,-0.02,
17:31:36,8.89,8.89,8.89,-3.27,-3.3,-3.28,3.58,3.52,3.52,361,-0.07,-0.07,-0.07,0.02,0.01,0.01,-0.02,-0.03,-0.03,
17:31:38,8.75,8.71,8.82,-3.39,-3.38,-3.36,3.72,3.68,3.68,334,-0.07,-0.07,-0.07,0.04,0.04,0.04,-0.01,-0.01,-0.01,
17:31:41,8.84,8.82,8.85,-3.24,-3.24,-3.32,3.55,3.5,3.57,378,-0.06,-0.06,-0.06,0.04,0.04,0.04,0.01,0,0.01,
17:31:43,8.91,8.85,8.93,-3.19,-3.17,-3.24,3.63,3.52,3.46,402,-0.07,-0.07,-0.07,0.01,0,0.01,-0.01,-0.01,-0.01,
17:31:45,8.88,8.84,8.86,-3.18,-3.22,-3.2,3.56,3.67,3.59,398,-0.07,-0.07,-0.07,0.04,0.04,0.04,-0.02,-0.02,-0.02,
17:31:47,8.84,8.95,8.86,-3.34,-3.33,-3.38,3.57,3.53,3.43,388,-0.08,-0.08,-0.09,0.03,0.02,0.02,-0.03,-0.03,-0.02,
17:31:50,8.85,8.9,8.9,-3.24,-3.3,-3.31,3.56,3.59,3.54,436,-0.1,-0.1,-0.1,0.01,0.02,0.01,-0.03,-0.03,-0.03,
17:31:52,8.85,8.82,8.88,-3.02,-2.98,-3,3.61,3.69,3.56,378,-0.08,-0.07,-0.08,0.04,0.04,0.04,-0.01,-0.01,-0.01,
17:31:54,8.99,8.94,8.98,-3.1,-3.03,-3.13,3.41,3.43,3.44,394,-0.08,-0.08,-0.08,0.02,0.02,0.02,-0.04,-0.04,-0.03,
17:31:57,8.92,8.92,8.94,-3.1,-3.04,-3.11,3.56,3.54,3.45,366,-0.09,-0.09,-0.09,0.02,0.02,0.02,-0.02,-0.02,-0.02,
17:31:59,8.89,8.92,8.89,-3.21,-3.17,-3.18,3.6,3.52,3.53,446,-0.05,-0.05,-0.05,0.05,0.05,0.05,-0.02,-0.02,-0.02,
17:32:01,8.85,8.92,8.92,-3.09,-3.18,-3.07,3.53,3.56,3.61,376,-0.04,-0.04,-0.04,0.03,0.03,0.03,-0.01,-0.01,-0.01,
17:32:18,8.9,8.86,8.9,-3.28,-3.28,-3.31,3.5,3.42,3.48,452,-0.09,-0.09,-0.09,0.01,0.02,0.02,-0.03,-0.03,-0.03,
17:32:21,8.86,8.91,8.97,-3.26,-3.23,-3.27,3.51,3.54,3.56,471,-0.08,-0.08,-0.08,0.03,0.03,0.03,0,0,0,
17:32:23,8.8,8.76,8.77,-3.19,-3.16,-3.19,3.68,3.56,3.62,385,-0.11,-0.11,-0.11,0.03,0.03,0.03,-0.02,-0.02,-0.02,
17:32:28,8.85,8.91,8.88,-3.31,-3.31,-3.27,3.52,3.62,3.53,392,-0.1,-0.1,-0.1,0.01,0.01,0,-0.01,-0.02,-0.01,
17:32:30,8.92,8.89,8.93,-2.96,-3.04,-3.04,3.51,3.54,3.53,366,-0.05,-0.05,-0.05,0.05,0.04,0.05,0,0,0,
17:32:33,8.83,8.89,8.85,-3.04,-3.04,-3.15,3.52,3.53,3.61,412,-0.07,-0.07,-0.08,0.05,0.05,0.05,-0.01,-0.01,-0.01,
17:32:36,8.79,8.8,8.84,-3.12,-3.19,-3.16,3.61,3.69,3.59,358,-0.1,-0.1,-0.1,0.06,0.05,0.05,-0.01,-0.01,0,
17:32:38,8.92,8.94,8.94,-3.07,-3.01,-2.98,3.53,3.53,3.59,416,0,-0.01,-0.01,0.05,0.05,0.06,-0.02,-0.02,-0.01,
17:32:41,8.84,8.81,8.88,-3.28,-3.34,-3.39,3.55,3.51,3.49,376,-0.09,-0.08,-0.08,0.02,0.02,0.01,-0.03,-0.03,-0.03,
17:32:43,8.95,8.96,8.9,-2.96,-3.07,-3,3.63,3.53,3.51,415,0.01,0.01,0.01,0.03,0.04,0.04,-0.05,-0.03,-0.03,
17:32:45,8.94,8.91,8.91,-2.98,-3.17,-3.13,3.44,3.54,3.54,405,-0.17,-0.17,-0.18,0,0,0.01,-0.06,-0.06,-0.06,
17:32:47,8.91,8.9,8.88,-3.44,-3.42,-3.46,3.32,3.18,3.16,405,-0.06,-0.06,-0.07,0.03,0.04,0.03,-0.03,-0.03,-0.03,
17:32:50,8.97,8.93,8.8,-3.25,-3.2,-3.2,3.74,3.65,3.51,385,-0.02,-0.02,-0.03,0.05,0.04,0.05,-0.02,-0.02,-0.02,
17:32:52,8.87,8.77,8.9,-3.24,-3.28,-3.24,3.39,3.33,3.48,435,-0.15,-0.15,-0.15,-0.01,-0.02,-0.02,-0.03,-0.03,-0.02,
17:32:54,9.06,9.05,8.98,-3.34,-3.39,-3.26,3.04,3.02,3.12,397,-0.1,-0.1,-0.09,0.01,0.01,0.01,-0.02,-0.02,-0.02,
17:32:57,8.91,8.96,8.97,-3.22,-3.24,-3.23,3.26,3.31,3.33,410,-0.06,-0.06,-0.06,0.03,0.03,0.03,-0.06,-0.06,-0.06,
17:32:59,8.83,8.89,8.92,-3.58,-3.51,-3.55,3.19,3.3,3.22,411,-0.05,-0.05,-0.05,0.04,0.03,0.02,0.01,0.01,0.01,
17:33:01,9.05,9.04,9.01,-3.45,-3.4,-3.43,3.06,3.08,3,427,-0.04,-0.04,-0.04,0.04,0.04,0.04,-0.02,-0.02,-0.02,
17:33:04,9.05,9.04,8.99,-3.28,-3.26,-3.24,2.94,3.01,3.07,417,-0.03,-0.04,-0.04,0.05,0.05,0.05,-0.02,-0.02,-0.02,
17:33:06,9.03,8.98,9.07,-3.32,-3.38,-3.4,3.11,3.13,3.14,403,-0.11,-0.11,-0.1,0.02,0.01,0.02,-0.04,-0.05,-0.04,
17:33:09,9.08,9.04,9,-3.53,-3.46,-3.41,3,3.12,3,398,-0.12,-0.11,-0.12,0.02,0.03,0.01,-0.06,-0.06,-0.05,
17:33:11,8.95,8.95,8.93,-3.25,-3.27,-3.3,3.31,3.21,3.22,403,-0.08,-0.08,-0.08,0,0,0.01,-0.03,-0.03,-0.03,
17:33:14,8.9,8.9,8.93,-3.15,-3.16,-3.23,3.35,3.31,3.39,456,-0.11,-0.11,-0.11,0.05,0.04,0.04,-0.02,-0.02,-0.02,
17:33:16,8.97,8.99,9,-3.16,-3.15,-3.18,3.26,3.29,3.19,385,-0.1,-0.1,-0.1,-0.01,-0.01,-0.01,-0.02,-0.02,-0.02,
17:33:19,9.06,8.97,9.03,-3.3,-3.29,-3.29,3.22,3.11,3.2,409,-0.07,-0.06,-0.06,0.04,0.04,0.03,-0.01,-0.01,-0.01,
17:33:23,9.17,9.1,9.04,-3.16,-3.17,-3.18,3.01,2.99,2.93,392,-0.07,-0.07,-0.07,0.03,0.04,0.04,-0.03,-0.03,-0.03,
17:33:26,9.06,9.07,9.07,-3.26,-3.32,-3.22,2.99,2.98,3.01,408,-0.09,-0.08,-0.08,0.02,0.02,0.02,-0.03,-0.03,-0.03,
17:33:28,9.05,9.04,9,-3.18,-3.25,-3.18,3.25,3.28,3.27,387,-0.06,-0.07,-0.07,0.03,0.03,0.03,-0.03,-0.03,-0.03,
17:33:30,8.98,8.93,8.9,-3.17,-3.17,-3.1,3.32,3.3,3.36,397,-0.03,-0.04,-0.04,0.05,0.06,0.05,-0.02,-0.02,-0.02,
17:33:33,8.89,8.93,8.93,-3.39,-3.38,-3.49,3.09,3.14,3.24,412,-0.09,-0.1,-0.1,0.02,0.02,0.02,-0.03,-0.03,-0.03,
17:33:35,-80.57,-139.4,33.44,19.64,19.64,19.64,-33.8,93.26,-39.14,415,-8.7,-30.24,20.98,-0.21,-0.48,-0.48,31.62,7.19,7.46,
17:33:37,-102.03,150.49,10.75,31.9,31.9,31.9,-33.8,93.26,-39.14,405,-8.7,-30.24,20.98,-0.21,-0.48,-0.48,31.62,12.37,12.65,
17:33:40,-43.36,-104.65,68.2,45.38,45.38,45.38,-82.71,93.26,-39.14,394,-8.7,-30.24,20.98,-0.21,-0.48,-0.48,31.62,-29.85,-29.85,
17:33:44,47.2,-11.64,-151.38,71.12,71.12,71.12,-63.23,93.26,-39.14,396,-8.7,-30.24,20.98,-0.21,-0.48,-0.48,31.62,-26.01,-26.01,
17:33:47,-152.12,101.63,-39.34,83.38,83.38,83.38,-43.7,93.26,-39.14,420,-8.7,-30.24,20.98,-0.21,-0.48,-0.48,31.62,-26.55,-26.28,
17:33:49,71.95,10.66,-129.08,96.86,96.86,96.86,-63.08,93.26,-39.14,439,-8.7,-30.24,20.98,-0.21,-0.48,-0.48,31.62,-3.11,-3.11,
17:33:51,33.96,-24.88,147.97,109.12,109.12,109.12,-43.7,93.26,-39.14,423,-8.7,-30.24,20.98,-0.21,-0.48,-0.48,31.62,-27.35,-27.07,
17:33:55,73.45,13.39,-126.36,131.19,131.19,131.19,-43.7,93.26,-39.14,429,-8.7,-30.24,20.98,-0.21,-0.48,-0.48,31.62,25.25,25.52,
17:33:58,-30.02,-90.08,82.76,144.67,144.67,144.67,-43.7,93.26,-39.14,0,-8.7,-30.24,20.98,-0.21,-0.48,-0.48,31.62,-33.31,-33.04,N
17:34:00,-75.71,-135.77,38.3,-155.66,-155.66,-155.66,-63.23,93.26,-39.14,3,-8.7,-30.24,20.98,-0.21,-0.48,-0.48,31.62,-13.69,-13.42,N
17:34:03,-148.94,106.04,-36.16,-142.17,-142.17,-142.17,-122.07,93.26,-39.14,14,-8.7,-30.24,20.98,-0.21,-0.48,-0.48,31.62,-31.93,-31.66,N
17:34:05,132.59,72.53,-68.44,-128.69,-128.69,-128.69,-63.08,93.26,-39.14,6,-8.7,-30.24,20.98,-0.21,-0.48,-0.48,31.62,-16.39,-16.12,N
17:34:07,-52.12,-110.95,61.89,-116.43,-116.43,-116.43,-33.8,93.26,-39.14,0,-8.7,-30.24,20.98,-0.21,-0.48,-0.48,31.62,-21.29,-21.29,N
17:34:10,40.95,-19.12,154.95,-101.72,-101.72,-101.72,-43.7,93.26,-39.14,0,-8.7,-30.24,20.98,-0.21,-0.48,-0.48,31.62,-0.03,-0.03,N
17:34:12,-154.13,99.62,-42.58,-88.24,-88.24,-88.24,-63.23,93.26,-39.14,2,-8.7,-30.24,20.98,-0.21,-0.48,-0.48,31.62,27.23,27.5,N
17:34:17,5.68,-55.61,120.91,-62.49,-62.49,-62.49,-43.7,93.26,-39.14,0,-8.7,-30.24,20.98,-0.21,-0.48,-0.48,31.62,-8.99,-8.99,N
17:34:20,-128.56,125.19,-15.78,-47.78,-47.78,-47.78,-43.7,93.26,-39.14,1,-8.7,-30.24,20.98,-0.21,-0.48,-0.48,31.62,-13.33,-13.33,N
17:34:22,116.63,56.57,-83.18,-35.53,-35.53,-35.53,-82.71,93.26,-39.14,0,-8.7,-30.24,20.98,-0.21,-0.48,-0.48,31.62,32.99,33.26,N
17:34:24,-59,-119.06,53.78,-23.27,-23.27,-23.27,-33.8,93.26,-39.14,386,-8.7,-30.24,20.98,-0.21,-0.48,-0.48,31.62,-17.4,-17.13,
17:34:26,110.18,51.34,-89.63,-11.01,-11.01,-11.01,-33.8,93.26,-39.14,0,-8.7,-30.24,20.98,-0.21,-0.48,-0.48,31.62,28.38,28.65,N
17:34:29,14.97,-45.09,126.53,4.93,4.93,4.93,54.45,93.26,-39.14,434,-8.7,-30.24,20.98,-0.21,-0.48,-0.48,31.62,5.23,5.5,
17:34:31,54.96,-3.88,-144.84,17.19,17.19,17.19,-43.7,93.26,-39.14,350,-8.7,-30.24,20.98,-0.21,-0.48,-0.48,31.62,18.32,18.59,
17:34:34,89.61,28.32,-112.65,30.67,30.67,30.67,-43.7,93.26,-39.14,428,-8.7,-30.24,20.98,-0.21,-0.48,-0.48,31.62,9.61,9.88,
17:34:36,-108.51,145.24,4.27,45.38,45.38,45.38,-43.7,93.26,-39.14,408,-8.7,-30.24,20.98,-0.21,-0.48,-0.48,31.62,-10.81,-10.54,
17:34:39,104.89,44.82,-96.15,57.64,57.64,57.64,-43.7,93.26,-39.14,415,-8.7,-30.24,20.98,-0.21,-0.48,-0.48,31.62,-30.15,-29.87,
17:34:41,-67.75,-126.58,46.27,69.9,69.9,69.9,-63.08,93.26,-39.14,399,-8.7,-30.24,20.98,-0.21,-0.48,-0.48,31.62,25.71,25.71,
17:34:43,-46.69,-106.75,64.87,82.16,82.16,82.16,-33.8,93.26,-39.14,404,-8.7,-30.24,20.98,-0.21,-0.48,-0.48,31.62,11.83,11.83,
17:34:45,-58.84,-118.9,55.18,95.64,95.64,95.64,-33.8,93.26,-39.14,424,-8.7,-30.24,20.98,-0.21,-0.48,-0.48,31.62,-7.23,-6.96,
17:34:50,36.95,-23.12,152.18,121.39,121.39,121.39,-82.71,93.26,-39.14,416,-8.7,-30.24,20.98,-0.21,-0.48,-0.48,31.62,12.4,12.4,
17:34:54,-96.83,-156.89,15.96,144.68,144.68,144.68,142.87,93.26,-39.14,425,-8.7,-30.24,20.98,-0.21,-0.48,-0.48,31.62,34.76,-34.71,
17:34:57,41.96,-18.11,154.74,-151.97,-151.97,-151.97,142.87,93.26,-39.14,401,-8.7,-30.24,20.98,-0.21,-0.48,-0.48,31.62,-14.54,-14.27,
17:35:00,11.48,-49.81,124.26,-139.72,-139.72,-139.72,142.87,93.26,-39.14,376,-8.7,-30.24,20.98,-0.21,-0.48,-0.48,31.62,-30.88,-30.6,
17:35:02,156.38,96.32,-44.65,-128.68,-128.68,-128.68,142.87,93.26,-39.14,0,-8.7,-30.24,20.98,-0.21,-0.48,-0.48,31.62,-33.32,-33.05,N
17:35:04,19.41,-40.66,133.41,-116.43,-116.43,-116.43,142.87,93.26,-39.14,4,-8.7,-30.24,20.98,-0.21,-0.48,-0.48,31.62,27.72,27.72,N
17:35:06,-137.98,115.77,-25.2,-102.94,-102.94,-102.94,142.87,93.26,-39.14,0,-8.7,-30.24,20.98,-0.21,-0.48,-0.48,31.62,-30.03,-29.76,N
17:35:09,14.79,-44.05,130.02,-89.46,-89.46,-89.46,64.26,93.26,-39.14,4,-8.7,-30.24,20.98,-0.21,-0.48,-0.48,31.62,-16.67,-16.4,N
17:35:11,-143.7,110.05,-30.92,-78.42,-78.42,-78.42,142.87,93.26,-39.14,0,-8.7,-30.24,20.98,-0.21,-0.48,-0.48,31.62,10.85,11.13,N
17:35:13,21.81,-38.25,134.59,-66.17,-66.17,-66.17,-63.08,93.26,-39.14,0,-8.7,-30.24,20.98,-0.21,-0.48,-0.48,31.62,-12.29,-12.29,N
17:35:16,-49.09,-109.15,63.7,-52.68,-52.68,-52.68,142.87,93.26,-39.14,13,-8.7,-30.24,20.98,-0.21,-0.48,-0.48,31.62,33.49,33.76,N
17:35:20,153.67,92.38,-46.14,-25.71,-25.71,-25.71,-141.65,93.26,-39.14,9,-8.7,-30.24,20.98,-0.21,-0.48,-0.48,31.62,-0.82,-0.55,N
17:35:23,-112.03,141.72,0.75,-13.46,-13.46,-13.46,-141.65,93.26,-39.14,4,-8.7,-30.24,20.98,-0.21,-0.48,-0.48,31.62,-10.62,-10.35,N
17:35:25,10.96,-49.11,123.74,0.03,0.03,0.03,-43.46,93.26,-39.14,1,-8.7,-30.24,20.98,-0.21,-0.48,-0.48,31.62,-24.5,-24.5,N
17:35:28,-41.87,-101.93,70.92,14.74,14.74,14.74,-43.46,93.26,-39.14,0,-8.7,-30.24,20.98,-0.21,-0.48,-0.48,31.62,-3.52,-3.24,N
17:35:30,136.63,76.57,-65.63,28.23,28.23,28.23,-43.46,93.26,-39.14,400,-8.7,-30.24,20.98,-0.21,-0.48,-0.48,31.62,8.75,9.03,
17:35:35,-11.15,-71.21,104.09,53.97,53.97,53.97,-43.46,93.26,-39.14,393,-8.7,-30.24,20.98,-0.21,-0.48,-0.48,31.62,-22.83,-22.56,
17:35:37,-91.54,-151.6,21.25,68.68,68.68,68.68,-43.46,93.26,-39.14,0,-8.7,-30.24,20.98,-0.21,-0.48,-0.48,31.62,-31.26,-30.99,N
17:35:40,80.02,19.96,-121.01,82.16,82.16,82.16,-141.65,93.26,-39.14,391,-8.7,-30.24,20.98,-0.21,-0.48,-0.48,31.62,1.71,1.71,
17:35:42,-3.77,-63.83,109.01,94.42,94.42,94.42,-141.65,93.26,-39.14,0,-8.7,-30.24,20.98,-0.21,-0.48,-0.48,31.62,16.16,16.43,N
17:35:48,52.07,-9.22,129.31,127.52,127.52,127.52,-43.46,93.26,-39.14,388,-8.7,-30.24,20.98,-0.21,-0.48,-0.48,31.62,13.73,14.01,
17:35:51,142.05,81.99,-58.98,142.23,142.23,142.23,-141.65,93.26,-39.14,387,-8.7,-30.24,20.98,-0.21,-0.48,-0.48,31.62,-5.33,-5.06,
17:35:55,56.55,-3.52,-143.26,-147.07,-147.07,-147.07,-43.46,93.26,-39.14,389,-8.7,-30.24,20.98,-0.21,-0.48,-0.48,31.62,-29.83,-29.56,
17:36:03,-96.48,156.04,16.31,-102.94,-102.94,-102.94,-141.65,93.26,-39.14,381,-8.7,-30.24,20.98,-0.21,-0.48,-0.48,31.62,-10.45,-10.18,
17:36:05,61.97,1.91,-139.06,-90.68,-90.68,-90.68,-141.65,93.26,-39.14,0,-8.7,-30.24,20.98,-0.21,-0.48,-0.48,31.62,-19.16,-19.16,N
17:36:08,86.56,26.49,-114.48,-74.74,-74.74,-74.74,-141.65,93.26,-39.14,385,-8.7,-30.24,20.98,-0.21,-0.48,-0.48,31.62,1.01,1.28,
17:36:11,146.37,86.31,-53.44,-61.26,-61.26,-61.26,-141.65,93.26,-39.14,376,-8.7,-30.24,20.98,-0.21,-0.48,-0.48,31.62,24.45,24.72,
17:36:13,-121.22,132.53,-8.44,-47.77,-47.77,-47.77,-141.65,93.26,-39.14,303,-8.7,-30.24,20.98,-0.21,-0.48,-0.48,31.62,-27.03,-27.03,
17:36:15,-41.61,-101.67,71.17,-34.29,-34.29,-34.29,-141.65,93.26,-39.14,0,-8.7,-30.24,20.98,-0.21,-0.48,-0.48,31.62,5.4,5.67,N
17:36:18,103.77,43.71,-97.26,-19.58,-19.58,-19.58,-43.46,93.26,-39.14,377,-8.7,-30.24,20.98,-0.21,-0.48,-0.48,31.62,-1.94,-1.67,
17:36:20,-59.92,-119.98,52.87,-6.1,-6.1,-6.1,-43.46,93.26,-39.14,380,-8.7,-30.24,20.98,-0.21,-0.48,-0.48,31.62,1.88,2.15,
17:36:23,-150.88,102.87,-38.1,6.17,6.17,6.17,-141.65,93.26,-39.14,58,-8.7,-30.24,20.98,-0.21,-0.48,-0.48,31.62,25.32,25.59,N
17:36:25,154.95,93.66,-46.08,20.88,20.88,20.88,-141.65,93.26,-39.14,378,-8.7,-30.24,20.98,-0.21,-0.48,-0.48,31.62,20.7,20.97,
17:36:30,6.66,-53.41,120.67,46.62,46.62,46.62,-141.65,93.26,-39.14,373,-8.7,-30.24,20.98,-0.21,-0.48,-0.48,31.62,33.52,33.8,
17:36:32,0,0,0,0,0,0,0,0,0,0,0,0,0,0,0,0,0,0,0,N
17:36:35,0,0,0,0,0,0,0,0,0,375,0,0,0,0,0,0,0,0,0,N
17:36:37,0,0,0,0,0,0,0,0,0,0,0,0,0,0,0,0,0,0,0,N
17:36:40,0,0,0,0,0,0,0,0,0,385,0,0,0,0,0,0,0,0,0,N
17:36:42,0,0,0,0,0,0,0,0,0,386,0,0,0,0,0,0,0,0,0,N
17:36:44,0,0,0,0,0,0,0,0,0,260,0,0,0,0,0,0,0,0,0,N
17:36:47,0,0,0,0,0,0,0,0,0,374,0,0,0,0,0,0,0,0,0,N
17:36:49,0,0,0,0,0,0,0,0,0,0,0,0,0,0,0,0,0,0,0,N
17:36:51,0,0,0,0,0,0,0,0,0,185,0,0,0,0,0,0,0,0,0,N
17:36:54,0,0,0,0,0,0,0,0,0,369,0,0,0,0,0,0,0,0,0,N
17:36:56,0,0,0,0,0,0,0,0,0,369,0,0,0,0,0,0,0,0,0,N
17:36:59,0,0,0,0,0,0,0,0,0,0,0,0,0,0,0,0,0,0,0,N
17:37:01,0,0,0,0,0,0,0,0,0,274,0,0,0,0,0,0,0,0,0,N
17:37:03,0,0,0,0,0,0,0,0,0,367,0,0,0,0,0,0,0,0,0,N
17:38:57,9.03,8.94,8.95,-3.9,-3.84,-3.88,2.43,2.43,2.41,0,-0.07,-0.08,-0.07,0.03,0.03,0.04,-0.02,-0.03,-0.03,N
17:39:04,8.91,8.89,8.89,-3.98,-4.02,-4.03,2.42,2.54,2.43,394,-0.06,-0.06,-0.06,0.03,0.03,0.03,0,0,0,
17:39:06,8.92,8.9,8.9,-4.03,-4.05,-4.05,2.5,2.5,2.46,393,-0.07,-0.06,-0.07,0.04,0.04,0.04,-0.01,-0.01,-0.01,
17:39:08,8.9,8.96,8.87,-4.46,-4.32,-4.37,2.38,2.5,2.5,391,-0.05,-0.05,-0.05,0.06,0.05,0.05,-0.02,-0.02,-0.02,
17:39:10,8.87,8.85,8.76,-4.17,-4.37,-4.35,2.32,2.35,2.35,384,-0.09,-0.09,-0.09,0.02,0.02,0.01,0,0,0.01,
17:39:12,9.02,9.04,8.89,-4.19,-4.16,-4.17,2.26,2.3,2.26,380,-0.02,-0.01,0,0.02,0.03,0.01,-0.01,-0.01,-0.01,
17:39:14,8.85,8.87,8.89,-4.34,-4.18,-4.14,2.57,2.53,2.48,379,-0.06,-0.06,-0.06,0.06,0.05,0.06,-0.03,-0.03,-0.03,
17:39:16,8.86,8.82,8.84,-4.23,-4.18,-4.2,2.39,2.47,2.38,380,-0.07,-0.07,-0.07,0.04,0.04,0.04,-0.03,-0.04,-0.04,
17:39:19,8.9,8.9,8.97,-4.05,-4.15,-4.11,2.39,2.46,2.44,378,-0.11,-0.11,-0.11,0.05,0.04,0.06,-0.04,-0.04,-0.04,
17:39:21,8.77,8.78,8.77,-4.1,-4.2,-4.1,2.43,2.54,2.51,374,-0.12,-0.11,-0.11,0.02,0.02,0.02,-0.02,-0.02,-0.02,
17:39:23,8.82,8.82,8.87,-4.18,-4.12,-4.15,2.53,2.43,2.52,370,-0.06,-0.06,-0.07,0,0,0,-0.05,-0.04,-0.05,
17:39:28,9.02,8.97,8.94,-4.17,-4.15,-4.19,2.24,2.2,2.21,373,-0.06,-0.05,-0.06,0.03,0.03,0.03,-0.02,-0.02,-0.02,
17:39:30,9,8.93,8.98,-4.05,-4.08,-4.12,2.37,2.36,2.33,369,-0.11,-0.11,-0.11,0.02,0.03,0.03,-0.01,-0.01,-0.01,
17:39:32,8.92,8.9,8.91,-3.89,-4.03,-3.88,2.43,2.42,2.44,365,-0.09,-0.08,-0.07,-0.01,0.01,0.02,0,0,0,
17:39:40,8.92,9.01,8.94,-4.23,-4.25,-4.2,2.32,2.33,2.38,363,-0.12,-0.11,-0.1,0.01,0,0,-0.02,-0.02,-0.02,
17:39:43,8.89,8.84,8.85,-3.88,-3.92,-3.83,2.44,2.42,2.51,351,-0.14,-0.14,-0.15,0.02,0.02,0.02,-0.02,-0.02,-0.02,
17:39:45,8.94,8.93,8.93,-4.14,-4.09,-4.15,2.45,2.48,2.46,356,-0.09,-0.09,-0.09,0.01,0.02,0.02,0,0,0,
17:39:48,9.02,9.02,8.95,-4.11,-4.17,-4.16,2.34,2.32,2.25,357,-0.05,-0.05,-0.05,0.03,0.03,0.04,0,0,0,
17:39:50,8.97,8.93,8.93,-4.03,-4.07,-4.07,2.31,2.35,2.37,356,-0.05,-0.06,-0.05,0.02,0.02,0.03,-0.02,-0.02,-0.02,
17:39:53,8.93,8.97,8.91,-4.04,-3.97,-4.01,2.37,2.42,2.36,355,-0.06,-0.06,-0.06,0.04,0.04,0.04,-0.01,-0.01,-0.01,
17:39:56,8.85,8.88,8.89,-4.06,-4.1,-4.08,2.44,2.41,2.44,353,-0.08,-0.08,-0.08,0.01,0.01,0.01,-0.03,-0.04,-0.04,
17:39:58,8.74,8.8,8.8,-4.43,-4.47,-4.43,2.56,2.53,2.46,354,-0.12,-0.12,-0.11,0.03,0.03,0.03,-0.04,-0.03,-0.03,
17:40:00,8.93,9,9.04,-4.01,-4.02,-4.05,2.26,2.31,2.38,352,-0.04,-0.05,-0.04,0.03,0.03,0.04,0,0,0,
17:40:03,9.06,8.99,9.08,-3.92,-3.99,-3.93,2.44,2.33,2.36,346,-0.06,-0.06,-0.06,0.01,0.01,0.01,-0.02,-0.02,-0.03,
17:40:09,8.89,8.94,8.97,-4.07,-4.07,-4.06,2.51,2.53,2.44,348,-0.09,-0.09,-0.09,0.01,0.01,0.02,-0.03,-0.03,-0.03,
17:40:11,8.9,8.9,8.92,-3.9,-3.9,-3.85,2.53,2.45,2.5,343,-0.05,-0.06,-0.05,0.04,0.04,0.03,-0.01,-0.01,-0.01,
17:40:14,8.94,9.02,8.99,-4.07,-4.07,-4.07,2.32,2.38,2.37,341,-0.04,-0.04,-0.04,0.05,0.05,0.05,-0.01,0,0,
17:40:16,8.97,9.03,8.99,-4.13,-4.03,-4,2.23,2.14,2.24,341,-0.08,-0.07,-0.08,0.01,0.01,0.01,-0.02,-0.01,-0.02,
17:40:18,8.93,8.88,8.83,-4.15,-4.13,-4.18,2.42,2.38,2.37,343,-0.07,-0.07,-0.07,0.02,0.02,0.02,-0.04,-0.04,-0.04,
17:40:20,8.95,8.94,8.8,-4.09,-4.24,-4.17,2.38,2.31,2.3,340,-0.16,-0.16,-0.15,0.03,0.04,0.03,-0.06,-0.05,-0.05,
17:40:22,8.86,8.99,8.9,-4.18,-4.18,-4.19,2.22,2.29,2.32,338,-0.09,-0.09,-0.09,0.01,0,0,-0.02,-0.02,-0.02,
17:40:24,8.9,8.96,8.94,-4.19,-4.14,-4.16,2.42,2.33,2.41,338,-0.06,-0.06,-0.06,0.05,0.05,0.05,-0.02,-0.01,-0.02,
17:40:27,9.03,9.01,8.93,-4.17,-4.11,-4.08,2.25,2.22,2.22,340,-0.05,-0.04,-0.04,0.02,0.01,0.02,-0.02,-0.02,-0.02,
17:40:29,8.9,8.88,8.91,-4.14,-4.15,-4.18,2.39,2.46,2.4,339,-0.12,-0.12,-0.12,0.01,0.01,0.02,-0.02,-0.02,-0.02,
17:40:31,8.99,8.95,9.01,-4.15,-4.14,-4.12,2.41,2.36,2.34,336,-0.08,-0.08,-0.08,0.01,0.01,0.01,-0.03,-0.03,-0.03,
17:40:34,8.83,8.86,8.86,-4.21,-4.21,-4.25,2.37,2.42,2.38,333,-0.09,-0.09,-0.09,0.01,0.01,0,-0.03,-0.03,-0.03,
17:40:36,9.04,9.05,9.05,-4.08,-4.13,-4.07,2.3,2.38,2.38,332,-0.05,-0.05,-0.05,0.04,0.04,0.05,-0.01,-0.01,-0.01,
17:40:38,8.94,8.9,8.96,-3.98,-4.02,-4.02,2.43,2.37,2.39,336,-0.1,-0.1,-0.1,0.01,0.02,0.03,0,0,0,
17:40:40,8.94,8.92,8.88,-4.02,-4.05,-4.05,2.39,2.51,2.34,333,-0.08,-0.09,-0.08,0.01,0.02,0.01,-0.02,-0.02,-0.02,
17:40:42,8.94,8.96,8.95,-4.01,-4,-3.96,2.37,2.43,2.38,330,-0.07,-0.07,-0.07,0.04,0.04,0.04,-0.01,-0.01,-0.01,
17:40:44,8.95,8.97,8.94,-4.09,-4.04,-4.1,2.3,2.33,2.34,329,-0.1,-0.1,-0.1,0.02,0.02,0.03,-0.03,-0.03,-0.03,
17:40:47,8.94,9.01,8.93,-4.14,-4.09,-4.08,2.25,2.22,2.27,331,-0.08,-0.08,-0.08,0.02,0.03,0.03,-0.05,-0.04,-0.04,
17:40:49,8.89,8.89,8.92,-4.02,-4.04,-4.05,2.48,2.43,2.43,331,-0.09,-0.1,-0.09,0,0,0,-0.01,-0.01,-0.01,
17:40:51,9,9.01,8.95,-4.26,-4.23,-4.18,2.24,2.24,2.14,329,-0.02,-0.01,-0.01,0.05,0.05,0.05,-0.01,-0.01,-0.01,
17:40:53,8.78,8.92,8.92,-3.73,-4.2,-4.07,2.45,2.31,2.36,327,-0.13,-0.15,-0.12,0.03,0.01,0.03,-0.09,-0.05,-0.05,
17:40:55,8.99,8.93,8.99,-4.03,-4.03,-4.03,2.3,2.21,2.26,327,-0.12,-0.12,-0.12,0,0,0,-0.04,-0.04,-0.04,
17:40:57,8.72,8.82,8.82,-4.02,-4.1,-4.03,2.5,2.51,2.54,329,-0.09,-0.1,-0.09,0.03,0.03,0.03,-0.01,-0.01,-0.01,
17:40:59,8.92,8.94,8.94,-4.49,-4.41,-4.35,2.31,2.28,2.44,327,0,0,0,0.08,0.08,0.08,0,-0.01,0,
17:41:02,8.9,8.86,8.84,-3.84,-3.91,-3.95,2.52,2.47,2.43,325,-0.06,-0.06,-0.07,0.05,0.05,0.04,-0.02,-0.03,-0.03,
17:41:04,8.93,8.94,8.94,-4.17,-4.14,-4.21,2.43,2.31,2.28,324,-0.08,-0.09,-0.09,0,-0.01,-0.01,-0.03,-0.03,-0.03,
17:41:06,8.97,9.04,9.04,-4.25,-4.29,-4.36,2.18,2.12,2.13,326,-0.06,-0.05,-0.05,0.07,0.08,0.08,0,0.01,0.01,
17:41:09,8.97,8.9,8.83,-3.85,-4.01,-4.15,2.32,2.25,2.32,326,-0.1,-0.1,-0.1,0.08,0.08,0.08,-0.05,-0.05,-0.05,
17:41:11,9.04,8.98,9.05,-3.97,-4,-3.98,2.12,2.13,2.09,321,-0.07,-0.07,-0.08,0.04,0.03,0.04,0,0,0,
17:41:13,8.97,9,8.78,-4.15,-4.67,-4.44,2.23,2.19,2.17,321,-0.18,-0.19,-0.15,0,0.03,0.04,-0.08,-0.05,-0.05,
17:41:15,8.88,8.94,8.93,-4.19,-4.21,-4.22,2.27,2.31,2.3,320,-0.11,-0.11,-0.11,0.01,0.01,0.01,-0.04,-0.04,-0.04,
17:41:17,9.03,9.03,9.01,-4.01,-3.98,-3.91,2.24,2.15,2.27,321,-0.12,-0.13,-0.12,-0.02,-0.01,-0.01,-0.05,-0.05,-0.05,
17:41:19,8.93,8.97,8.91,-3.93,-3.79,-3.82,2.31,2.27,2.3,321,-0.03,-0.02,-0.03,0.07,0.07,0.07,0,-0.01,-0.01,
17:41:21,8.97,8.98,8.94,-4,-4.02,-3.99,2.2,2.24,2.19,321,-0.05,-0.05,-0.05,0.06,0.06,0.06,0,0,0,
17:41:27,9.07,8.94,8.96,-4.04,-4.01,-3.92,2.28,2.36,2.42,317,-0.01,-0.02,-0.03,0.08,0.08,0.08,0,0.01,0.01,
17:41:30,9.01,9.03,9.01,-3.83,-3.81,-3.85,2.15,2.22,2.15,318,-0.04,-0.04,-0.05,0.07,0.06,0.06,-0.02,-0.03,-0.03,
17:41:32,8.99,8.92,8.91,-3.78,-3.8,-3.78,2.2,2.24,2.22,318,-0.08,-0.08,-0.08,0.06,0.06,0.06,-0.01,0,-0.01,
17:41:34,8.92,8.96,8.9,-4.12,-4.11,-4.17,2.31,2.24,2.2,315,-0.04,-0.04,-0.04,0.07,0.06,0.06,0,-0.01,-0.01,
17:41:37,9,8.98,8.97,-4.07,-4.1,-4.09,2.04,2.05,2.05,315,-0.04,-0.04,-0.04,0.02,0.02,0.02,-0.02,-0.02,-0.01,
17:41:39,9.14,9.1,9.12,-3.99,-4.02,-4.01,2.01,1.98,2.04,317,-0.04,-0.04,-0.05,0.02,0.02,0.02,-0.03,-0.03,-0.04,
17:41:41,8.83,8.85,8.88,-4.07,-4.07,-4.01,2.24,2.32,2.3,316,-0.12,-0.12,-0.12,0.04,0.03,0.03,-0.04,-0.05,-0.04,
17:41:43,8.88,8.99,8.94,-4.36,-4.33,-4.33,2.17,2.18,2.09,313,-0.09,-0.09,-0.09,0.02,0.02,0.02,-0.03,-0.03,-0.03,
17:41:45,8.97,8.94,8.94,-4.12,-4.19,-4.14,2.16,2.15,2.16,312,-0.12,-0.12,-0.12,-0.01,-0.01,0,-0.02,-0.03,-0.02,
17:41:48,8.89,8.86,8.91,-4.15,-4.16,-4.13,2.36,2.36,2.31,310,-0.11,-0.11,-0.11,0.02,0.02,0.01,-0.05,-0.04,-0.05,
17:41:50,8.77,8.88,8.83,-4.31,-4.35,-4.32,2.33,2.38,2.32,314,-0.1,-0.1,-0.1,0.01,0.02,0.01,-0.02,-0.02,-0.02,
17:41:52,9.03,9.04,9.01,-4.07,-4.08,-4.13,2.18,2.19,2.15,313,-0.05,-0.05,-0.05,0.04,0.04,0.03,0.01,0.01,0,
17:41:55,8.81,8.78,8.87,-4.16,-4.18,-4.23,2.02,2.07,2.14,310,-0.19,-0.19,-0.19,0.01,0.01,0,-0.04,-0.04,-0.05,
17:41:57,9.04,9.04,9,-4.31,-4.22,-4.26,1.89,1.87,1.83,310,-0.1,-0.1,-0.1,0,0,0,-0.03,-0.03,-0.02,
17:42:02,8.97,8.91,9.01,-3.95,-3.95,-3.76,1.89,2,1.88,309,-0.13,-0.13,-0.12,0.02,0.02,0.03,-0.04,-0.04,-0.08,
17:42:08,8.87,8.79,8.82,-3.57,-3.57,-3.62,2.32,2.3,2.38,308,-0.09,-0.09,-0.1,0.09,0.1,0.09,-0.02,-0.02,-0.02,
17:42:11,8.99,8.93,8.98,-4.27,-4.19,-4.13,1.96,1.85,2.02,308,-0.12,-0.12,-0.12,0.01,0.01,0.01,-0.02,-0.02,-0.02,
17:42:13,8.89,8.88,8.89,-4.25,-4.21,-4.21,2.04,2.01,2.02,308,-0.11,-0.11,-0.1,0.04,0.04,0.04,-0.02,-0.02,-0.02,
17:42:15,8.86,8.92,8.82,-4.07,-4.15,-4.18,2.03,2.07,2.01,307,-0.07,-0.08,-0.08,0.07,0.07,0.07,-0.02,-0.02,-0.02,
17:42:18,8.91,8.91,8.95,-4.22,-4.28,-4.21,2.04,1.9,1.92,306,-0.1,-0.09,-0.09,0.01,0.01,0.01,-0.02,-0.02,-0.03,
17:42:20,8.98,8.93,8.95,-4.17,-4.16,-4.14,2.05,1.99,2.03,309,-0.12,-0.13,-0.13,0,0,0,-0.02,-0.02,-0.02,
17:42:22,8.92,8.94,8.95,-4.16,-4.19,-4.17,1.92,1.98,1.99,307,-0.07,-0.08,-0.08,0.01,0.01,0.01,-0.03,-0.03,-0.02,
17:42:25,9.05,9.05,9.01,-4.04,-4.1,-4.06,1.76,1.93,1.82,307,-0.14,-0.14,-0.14,-0.02,-0.01,-0.01,-0.01,-0.01,-0.01,
17:42:27,8.92,8.92,8.98,-4.36,-4.32,-4.26,2.02,1.94,2.01,303,-0.04,-0.03,-0.04,0.06,0.05,0.05,0.01,0.01,0.01,
17:42:29,8.99,8.9,8.96,-4.14,-4.13,-4.11,2,1.86,2,309,-0.08,-0.08,-0.08,-0.01,-0.01,-0.01,-0.01,-0.01,-0.01,
17:42:31,8.95,9.13,9.1,-3.82,-3.71,-3.74,2.14,2.2,2.19,307,-0.04,-0.04,-0.04,0.03,0.02,0.04,-0.03,-0.03,-0.03,
17:42:33,9.45,9.08,9.23,-4.2,-4.32,-3.98,2.02,2.09,1.98,306,0.01,0.01,0.01,0.07,0.09,0.06,-0.06,-0.05,-0.07,
17:42:35,9.08,9.09,9.1,-4.09,-3.98,-4.05,2.15,2.08,2.15,303,-0.05,-0.06,-0.05,0.05,0.04,0.05,-0.01,-0.01,-0.01,
17:42:38,9.06,9.11,9.09,-3.86,-3.85,-3.83,2.1,2.12,2.07,303,-0.04,-0.05,-0.05,0.05,0.05,0.05,-0.01,-0.01,-0.01,
17:42:40,8.88,9,8.99,-3.9,-3.91,-3.96,2.14,2.24,2.19,305,-0.09,-0.09,-0.09,0.05,0.05,0.05,-0.01,-0.01,-0.01,
17:42:43,8.99,8.93,8.99,-4.07,-4.04,-3.99,2.08,2.11,2.06,308,-0.07,-0.07,-0.07,0.03,0.02,0.03,-0.02,-0.02,-0.02,
17:42:45,8.99,8.98,8.84,-3.94,-3.97,-4,2.08,2.08,2.11,309,-0.09,-0.09,-0.1,0.03,0.05,0.04,-0.04,-0.04,-0.04,
17:42:48,8.89,8.93,8.92,-4.09,-4.15,-4.19,2.15,2.19,2.14,309,-0.11,-0.11,-0.11,0.02,0.03,0.03,0,0,0,
17:42:50,9.01,8.99,8.94,-4.2,-4.22,-4.25,2.04,2.09,2.06,307,-0.05,-0.04,-0.04,0.05,0.06,0.06,-0.02,-0.02,-0.01,
17:42:52,8.87,8.92,8.96,-4.32,-4.22,-4.24,2.04,2.07,2.16,308,-0.07,-0.08,-0.07,0,0,0,-0.05,-0.05,-0.05,
17:43:12,9.01,9.03,9.04,-3.8,-3.83,-3.88,2.04,2,2.09,307,-0.08,-0.08,-0.08,0.02,0.03,0.03,-0.03,-0.03,-0.03,
17:44:18,8.94,8.91,8.95,-4.22,-4.21,-4.27,1.72,1.85,1.85,285,-0.03,-0.03,-0.02,0.05,0.05,0.06,0,0,0,
17:44:21,8.85,8.87,8.88,-4.19,-4.15,-4.16,1.99,1.95,2,246,0.03,0.01,0.02,0.09,0.05,0.06,-0.04,-0.03,-0.03,
17:44:23,8.69,8.71,8.72,-4.19,-4.23,-4.14,2.15,2.23,2.27,286,-0.06,-0.06,-0.06,0.06,0.06,0.05,0,0,-0.01,
17:44:25,9.01,9.04,9.14,-4.42,-4.47,-4.48,1.68,1.58,1.63,283,-0.13,-0.13,-0.11,0,0,0.01,-0.03,-0.04,-0.04,
17:44:28,9,8.94,9.13,-4.26,-4.19,-4.37,1.76,1.76,1.7,283,0.01,0.01,0.01,0.09,0.08,0.08,-0.01,-0.02,-0.02,
17:44:30,9.09,9.03,9.05,-4.26,-4.2,-4.14,1.84,1.77,1.8,285,0,-0.01,-0.01,0.06,0.06,0.06,-0.02,-0.01,-0.01,
17:44:32,9.1,9.09,9.03,-4.29,-4.21,-4.26,1.85,1.68,1.77,254,-0.01,0,-0.01,0.07,0.06,0.05,0,-0.01,-0.01,
17:44:34,9,8.99,9.05,-4.24,-4.21,-4.24,1.63,1.53,1.65,283,-0.04,-0.03,-0.03,0.05,0.05,0.05,-0.06,-0.06,-0.06,
17:44:37,9.03,9.15,8.97,-4.29,-4.31,-4.24,1.82,1.81,1.79,281,-0.02,-0.02,-0.01,0.06,0.07,0.08,-0.03,-0.03,-0.02,
17:44:39,9.02,9.05,9.06,-4.32,-4.34,-4.37,1.75,1.78,1.74,283,-0.08,-0.09,-0.08,0.03,0.03,0.03,-0.05,-0.05,-0.05,
17:44:41,9.08,9.1,9.04,-4.14,-4.12,-4.07,1.83,1.84,1.84,282,-0.12,-0.12,-0.12,0,0,0,-0.03,-0.03,-0.03,
17:44:43,8.95,9,8.96,-4.06,-4.08,-4.12,1.81,1.8,1.91,282,-0.1,-0.1,-0.1,0.03,0.03,0.03,-0.03,-0.03,-0.03,
17:44:45,8.97,8.96,9.01,-4.29,-4.14,-4.18,1.79,1.87,1.81,280,-0.11,-0.11,-0.11,0.01,0.02,0.02,-0.02,-0.03,-0.03,
17:44:47,8.97,8.98,8.96,-4.28,-4.26,-4.27,1.78,1.77,1.74,277,-0.07,-0.07,-0.08,0.03,0.02,0.02,-0.02,-0.02,-0.03,
17:44:49,9,9.14,9,-4.13,-4.05,-4.26,1.85,1.79,1.87,277,-0.1,-0.11,-0.09,0,0.01,0,-0.02,-0.02,-0.01,
17:44:52,8.9,9.07,8.87,-4.28,-4.12,-4.26,1.94,1.81,1.85,281,-0.14,-0.15,-0.13,0.02,0,0.02,-0.01,-0.01,-0.01,
17:44:54,9,9.01,9.03,-4.22,-4.22,-4.17,1.78,1.71,1.76,280,-0.07,-0.07,-0.07,0.02,0.03,0.03,-0.03,-0.03,-0.03,
17:44:56,9.04,9.12,9.05,-4.41,-4.45,-4.46,1.61,1.65,1.64,277,-0.1,-0.09,-0.09,0.03,0.04,0.04,-0.01,-0.01,-0.01,
17:44:58,9.05,8.99,9,-4.23,-4.27,-4.24,1.7,1.73,1.76,276,-0.1,-0.1,-0.1,0.01,0.01,0.02,-0.03,-0.03,-0.03,
17:45:01,9.04,9.06,9.07,-4.2,-4.18,-4.19,1.73,1.76,1.73,278,-0.1,-0.1,-0.1,0,0,0,-0.02,-0.02,-0.02,
17:45:03,8.81,8.78,8.78,-4.22,-4.23,-4.17,1.99,2.06,2.08,278,-0.1,-0.1,-0.11,0.03,0.03,0.03,-0.01,-0.01,-0.01,
17:45:05,9.12,9.01,9.09,-4.21,-4.3,-4.25,1.91,1.91,1.82,274,0.04,0,0.02,0.06,0.05,0.06,0.01,0.01,0.01,
17:45:07,9.01,8.98,9.01,-4.21,-4.14,-4.17,1.82,1.85,1.8,273,-0.09,-0.09,-0.09,0.05,0.05,0.05,-0.01,-0.01,-0.01,
17:45:09,9.05,8.99,9.04,-3.99,-3.98,-3.89,1.82,1.84,1.87,274,-0.05,-0.05,-0.06,0.07,0.07,0.06,-0.02,-0.02,-0.02,
17:45:11,9.06,9.06,9.06,-4.02,-4,-4.07,1.86,1.77,1.8,274,-0.03,-0.03,-0.03,0.04,0.05,0.05,0,0,0,
17:45:13,8.95,8.96,8.92,-4.08,-4.07,-4.08,1.87,1.9,1.91,274,-0.09,-0.09,-0.1,0.03,0.03,0.04,-0.04,-0.04,-0.04,
17:45:16,9.01,9.07,9.04,-4.11,-4.22,-4.22,1.71,1.75,1.74,271,-0.11,-0.1,-0.11,0.01,0.01,0.01,-0.02,-0.02,-0.02,
17:45:18,9.05,9.1,9.01,-4.19,-4.17,-4.23,1.73,1.71,1.65,269,-0.07,-0.07,-0.07,0.02,0.02,0.02,-0.03,-0.03,-0.03,
17:45:22,9.05,9.01,9.08,-4.03,-3.98,-4.05,1.85,1.84,1.78,265,-0.16,-0.15,-0.15,0.01,0.01,0.01,-0.01,-0.01,-0.02,
17:45:24,9.08,9,9.1,-4.19,-4.29,-4.3,1.77,1.71,1.68,271,-0.16,-0.16,-0.15,0.01,0.01,0.01,0,-0.01,0,
17:45:26,8.99,9.07,9.05,-4.32,-4.18,-4.3,1.77,1.71,1.75,270,-0.08,-0.09,-0.08,0.01,0.01,0.01,-0.03,-0.03,-0.03,
17:45:28,9.08,9.05,9.07,-4.26,-4.22,-4.19,1.7,1.7,1.67,270,-0.1,-0.1,-0.1,-0.01,0,0,-0.01,-0.02,-0.02,
17:45:30,8.99,8.99,9,-4.13,-4.11,-4.14,1.77,1.8,1.77,267,-0.03,-0.02,-0.03,0.05,0.05,0.05,-0.02,-0.02,-0.02,
17:45:32,9.08,9.2,9.19,-4,-4.06,-4.02,1.47,1.48,1.38,267,-0.05,-0.05,-0.05,0.1,0.09,0.09,-0.01,0,-0.01,
17:45:34,9.13,9.17,9.18,-4.1,-4.11,-4.15,1.41,1.54,1.54,266,-0.06,-0.06,-0.06,0.04,0.04,0.04,-0.01,-0.01,-0.01,
17:45:36,8.9,8.93,8.97,-4.36,-4.34,-4.3,1.74,1.74,1.68,266,-0.02,-0.02,0,0.04,0.03,0.03,-0.03,-0.02,-0.03,
17:45:38,9.1,9.05,9.05,-4.17,-4.2,-4.26,1.47,1.36,1.47,265,-0.01,-0.01,0,0.07,0.07,0.07,-0.02,-0.02,-0.02,
17:45:40,9.12,9.16,9.1,-4.19,-4.18,-4.17,1.47,1.51,1.56,267,-0.07,-0.07,-0.07,0.05,0.04,0.04,-0.02,-0.02,-0.01,
17:45:42,9,8.92,8.93,-3.98,-4.08,-4.09,1.46,1.64,1.65,266,0.02,0.03,0.01,0.09,0.07,0.06,-0.06,-0.05,-0.04,
17:45:44,8.94,8.94,8.98,-4.21,-4.18,-4.2,1.68,1.75,1.77,262,-0.05,-0.05,-0.05,0.03,0.02,0.02,-0.04,-0.04,-0.04,
17:45:46,8.81,8.87,8.81,-4.24,-4.2,-4.26,1.82,1.91,1.93,262,0.04,0.04,0.03,0.07,0.08,0.09,-0.04,-0.03,-0.04,
17:45:49,8.85,8.8,8.66,-4.17,-4.21,-4.23,1.96,1.85,1.88,261,-0.2,-0.21,-0.21,-0.03,-0.04,-0.05,-0.03,-0.03,-0.01,
17:45:51,9.05,9.02,9.09,-4.14,-4.13,-4.13,1.44,1.47,1.54,264,-0.09,-0.09,-0.09,0.03,0.02,0.03,-0.02,-0.02,-0.02,
17:45:53,9.11,9.15,9.13,-4.4,-4.32,-4.34,1.18,1.27,1.22,262,-0.01,0,0,0.05,0.05,0.06,-0.05,-0.05,-0.05,
17:45:55,8.95,9.01,8.99,-4.47,-4.51,-4.48,1.47,1.44,1.43,264,-0.06,-0.06,-0.06,0.06,0.05,0.06,-0.04,-0.04,-0.04,
17:45:57,9.08,9.12,9.09,-4.16,-4.21,-4.26,1.54,1.49,1.4,260,-0.01,-0.01,-0.01,0.03,0.03,0.04,-0.04,-0.04,-0.04,
17:45:59,9.09,9.09,9.04,-4.57,-4.52,-4.48,1.11,1.12,1.07,260,-0.05,-0.05,-0.04,0.01,0.01,0.01,0,0,-0.01,
17:46:01,9.13,9.13,9.12,-4.54,-4.62,-4.61,1.26,1.24,1.24,258,-0.08,-0.07,-0.07,0.01,0.02,0.01,-0.01,-0.01,-0.01,
17:46:03,9.19,9.08,9.11,-4.32,-4.26,-4.3,1.5,1.54,1.41,259,-0.2,-0.2,-0.21,-0.01,-0.01,-0.02,0.03,0.03,0.03,
17:46:05,9.09,9.18,9.1,-4.58,-4.52,-4.51,1.16,1.19,1.25,260,-0.11,-0.1,-0.1,0.01,0.01,0.01,0,0,0,
17:46:07,8.98,9.05,9.05,-4.36,-4.39,-4.35,1.33,1.45,1.47,260,-0.13,-0.13,-0.13,0.02,0.01,0.02,0,-0.01,-0.01,
17:46:09,9.04,8.93,8.95,-4.55,-4.55,-4.58,1.3,1.37,1.33,259,-0.12,-0.11,-0.12,0.02,0.01,0.02,-0.02,-0.02,-0.02,
17:46:11,8.98,8.92,8.89,-4.38,-4.38,-4.36,1.54,1.52,1.53,256,-0.14,-0.15,-0.15,0.01,0,0.01,0.01,0.01,0.01,
17:46:13,8.98,8.92,8.97,-4.31,-4.3,-4.23,1.47,1.58,1.58,2,-0.07,-0.06,-0.06,0.04,0.04,0.03,-0.05,-0.05,-0.05,N
17:46:15,9.09,9.09,9.05,-4.08,-4.15,-4.18,1.62,1.59,1.63,2,-0.07,-0.07,-0.08,0.04,0.04,0.04,-0.03,-0.03,-0.03,N
17:46:17,9.08,9.05,9.1,-4.21,-4.17,-4.15,1.54,1.51,1.55,2,-0.08,-0.08,-0.08,0.02,0.03,0.02,-0.01,-0.01,-0.01,N
17:46:19,9.1,9.07,9.07,-4.24,-4.18,-4.16,1.57,1.59,1.62,2,-0.08,-0.08,-0.08,0.03,0.03,0.03,-0.02,-0.02,-0.02,N
17:46:21,9.04,9.19,9.17,-4.1,-4.05,-4.11,1.58,1.39,1.37,2,-0.1,-0.07,-0.07,0.01,0.02,0.02,-0.03,-0.03,-0.03,N
17:46:23,9.36,9.29,9.29,-3.71,-3.68,-3.76,1.43,1.45,1.47,2,-0.08,-0.08,-0.08,0.02,0.02,0.02,0,0,0.01,N
17:46:25,9.19,9.21,9.21,-3.81,-3.83,-3.86,1.44,1.4,1.45,2,-0.07,-0.07,-0.07,0.04,0.04,0.04,-0.02,-0.02,-0.02,N
17:46:29,9.15,9.16,9.18,-3.94,-3.94,-3.93,1.41,1.45,1.41,2,-0.08,-0.08,-0.08,0.03,0.03,0.03,-0.02,-0.02,-0.02,N
17:46:31,9.18,9.21,9.22,-3.93,-3.87,-3.94,1.42,1.52,1.46,2,-0.07,-0.07,-0.08,0.03,0.03,0.03,-0.03,-0.02,-0.02,N
17:46:33,9.15,9.14,9.18,-3.92,-3.97,-3.94,1.29,1.31,1.36,249,-0.07,-0.07,-0.07,0.04,0.04,0.03,-0.03,-0.02,-0.02,
17:46:35,9.17,9.12,9.17,-4.02,-3.96,-4.05,1.43,1.39,1.41,247,-0.08,-0.08,-0.08,0.03,0.03,0.03,-0.02,-0.02,-0.02,
17:46:37,9.12,9.13,9.18,-4.08,-4.02,-4.03,1.29,1.31,1.34,2,-0.08,-0.08,-0.08,0.03,0.03,0.03,-0.02,-0.02,-0.02,N
17:46:39,9.16,9.14,9.1,-4.1,-4.05,-4.07,1.41,1.4,1.32,253,-0.08,-0.07,-0.07,0.04,0.03,0.03,-0.02,-0.02,-0.02,
17:46:42,9.12,9.06,9.21,-4.11,-4.09,-4.04,1.37,1.37,1.37,254,-0.09,-0.09,-0.09,0.03,0.03,0.03,-0.02,-0.02,-0.02,
17:46:44,9.1,9.12,9.1,-4.27,-4.28,-4.39,1.27,1.3,1.37,250,-0.08,-0.08,-0.09,0.02,0.01,0.02,-0.02,-0.02,-0.02,
17:46:46,9.06,8.98,9.17,-4.4,-4.39,-4.37,1.24,1.23,1.23,250,-0.11,-0.11,-0.12,0.03,0.02,0.03,0,0,0,
17:46:48,8.98,8.89,8.94,-4.46,-4.57,-4.5,1.26,1.24,1.22,253,-0.11,-0.12,-0.12,0.01,0.01,0,-0.02,-0.01,-0.02,
17:46:50,8.99,9.13,9.02,-4.32,-4.24,-4.32,1.14,1.04,1.02,252,-0.19,-0.19,-0.19,0.05,0.04,0.05,-0.01,0,0,
17:46:52,9.05,9.02,9.03,-4.3,-4.36,-4.4,1.16,1.14,1.2,252,-0.09,-0.09,-0.09,0.04,0.04,0.04,-0.02,-0.02,-0.02,
17:46:55,8.91,8.91,8.97,-4.5,-4.52,-4.46,1.42,1.41,1.36,249,-0.1,-0.1,-0.1,0.02,0.03,0.03,0,0,0,
17:46:57,9.05,9.05,9.1,-4.35,-4.35,-4.29,1.17,1.09,1.04,247,-0.01,-0.01,-0.01,0.03,0.04,0.04,-0.07,-0.07,-0.07,
17:46:59,9.02,9.12,8.97,-4.69,-4.65,-4.69,0.99,0.93,0.94,247,-0.07,-0.06,-0.05,0.01,0.01,0.01,-0.03,-0.03,-0.02,
17:47:03,9,9.25,9.17,-4.56,-4.6,-4.41,1.04,0.94,1.03,247,-0.17,-0.09,-0.11,-0.04,0.01,0.02,0,0.01,0,
17:47:05,-85.07,-145.13,28.95,87.08,87.08,87.08,-4.45,93.26,-39.14,248,-8.7,-30.24,20.98,-0.21,-0.48,-0.48,31.62,-29.42,-29.14,
17:47:07,-39.3,-98.14,73.48,98.11,98.11,98.11,15.17,93.26,-39.14,248,-8.7,-30.24,20.98,-0.21,-0.48,-0.48,31.62,-24.5,-24.23,
17:47:09,-16.59,-76.65,97.42,109.14,109.14,109.14,15.17,93.26,-39.14,249,-8.7,-30.24,20.98,-0.21,-0.48,-0.48,31.62,1.66,1.93,
17:47:11,56.6,-3.46,-144.43,120.17,120.17,120.17,-131.73,93.26,-39.14,242,-8.7,-30.24,20.98,-0.21,-0.48,-0.48,31.62,-31.03,-30.76,
17:47:13,-19.65,-80.93,93.14,129.98,129.98,129.98,15.17,93.26,-39.14,240,-8.7,-30.24,20.98,-0.21,-0.48,-0.48,31.62,11.75,11.75,
17:47:15,-120.39,132.13,-8.84,141.01,141.01,141.01,-131.73,93.26,-39.14,248,-8.7,-30.24,20.98,-0.21,-0.48,-0.48,31.62,-14.67,-14.67,
17:47:17,-19.52,-80.81,93.26,153.27,153.27,153.27,-131.73,93.26,-39.14,247,-8.7,-30.24,20.98,-0.21,-0.48,-0.48,31.62,-12.48,-12.2,
17:47:19,-137.23,116.53,-24.44,-148.28,-148.28,-148.28,-131.73,93.26,-39.14,241,-8.7,-30.24,20.98,-0.21,-0.48,-0.48,31.62,31.67,31.94,
17:47:21,95.07,33.78,-105.96,-137.25,-137.25,-137.25,-131.73,93.26,-39.14,248,-8.7,-30.24,20.98,-0.21,-0.48,-0.48,31.62,-23.08,-22.81,
17:48:56,8.67,8.7,8.69,-3.45,-3.42,-3.45,3.9,3.86,3.91,235,-0.08,-0.08,-0.07,0.06,0.07,0.06,-0.01,0,-0.01,
17:49:01,8.55,8.55,8.48,-3.39,-3.36,-3.31,4.09,4.13,4.14,235,-0.08,-0.08,-0.09,0.05,0.05,0.04,-0.01,-0.01,-0.01,
17:49:03,8.7,8.67,8.67,-3.34,-3.34,-3.36,3.9,4,3.96,235,-0.1,-0.1,-0.11,0.03,0.03,0.03,-0.03,-0.03,-0.03,
17:49:05,8.65,8.52,8.64,-3.54,-3.57,-3.49,3.87,3.94,3.95,236,-0.09,-0.09,-0.09,0.01,0.02,0.01,-0.04,-0.05,-0.05,
17:49:07,8.81,8.76,8.72,-3.48,-3.39,-3.45,3.87,3.59,3.75,235,0.01,0,0.01,0.07,0.07,0.06,0.03,0.03,0.03,
17:49:09,8.51,8.55,8.57,-3.55,-3.55,-3.51,4.13,4.1,4.09,340,-0.08,-0.08,-0.07,-0.01,-0.02,-0.02,-0.03,-0.03,-0.03,
17:49:12,8.53,8.6,8.42,-3.43,-3.33,-3.55,4,3.94,3.9,234,-0.13,-0.13,-0.13,0.02,0.01,0,-0.03,-0.05,-0.03,
17:49:14,8.7,8.66,8.52,-3.12,-3.1,-3.19,3.99,4.08,4.25,233,-0.05,-0.04,-0.05,0.07,0.06,0.07,0.05,0.05,0.05,
17:49:16,8.58,8.63,8.6,-3.56,-3.54,-3.51,4.04,4.01,4.07,234,-0.07,-0.06,-0.06,-0.01,-0.01,0,-0.04,-0.04,-0.04,
17:49:18,8.75,8.75,8.81,-3.58,-3.63,-3.59,3.99,4.07,3.98,234,-0.12,-0.11,-0.1,-0.01,-0.01,-0.01,0,0,0,
17:49:20,8.68,8.7,8.66,-3.24,-3.26,-3.28,3.96,3.97,3.93,234,-0.04,-0.03,-0.04,0.07,0.07,0.07,0.01,0.01,0.02,
17:49:22,8.77,8.79,8.77,-3.55,-3.52,-3.59,3.94,3.89,3.82,233,-0.1,-0.1,-0.09,-0.03,-0.03,-0.03,-0.04,-0.04,-0.04,
17:49:24,8.65,8.7,8.75,-3.44,-3.32,-3.34,3.98,3.91,3.93,233,0.04,0.04,0.05,0.1,0.09,0.09,0.03,0.02,0.02,
17:49:26,8.63,8.66,8.62,-3.6,-3.57,-3.57,3.94,3.86,3.89,235,-0.09,-0.1,-0.1,-0.03,-0.04,-0.03,-0.04,-0.03,-0.03,
17:49:29,8.66,8.59,8.45,-3.47,-3.45,-3.4,3.9,3.9,4,233,-0.12,-0.12,-0.12,0.01,0.02,0.01,-0.09,-0.09,-0.09,
17:49:31,8.7,8.68,8.75,-3.29,-3.28,-3.34,3.9,3.95,3.9,233,-0.01,-0.02,-0.02,0.08,0.07,0.07,0.07,0.06,0.07,
17:49:33,8.57,8.56,8.53,-3.25,-3.93,-3.5,4.39,3.91,3.69,232,-0.05,-0.13,-0.07,0.03,-0.02,0.01,-0.11,-0.06,-0.06,
17:49:35,8.55,8.58,8.52,-3.23,-3.01,-3.07,4.04,4.11,4.06,230,-0.16,-0.15,-0.16,0.03,0.05,0.04,-0.04,-0.05,-0.05,
17:49:37,8.61,8.57,8.58,-3.41,-3.48,-3.48,4.08,3.98,4.12,230,-0.03,-0.04,-0.03,0.08,0.08,0.09,-0.01,-0.01,-0.01,
17:49:39,8.57,8.66,8.62,-3.73,-3.7,-3.76,3.9,3.95,3.94,229,-0.11,-0.1,-0.1,0,0,0,-0.03,-0.03,-0.02,
17:49:41,8.58,8.52,8.57,-3.46,-3.44,-3.49,4.02,4,4.07,229,0.03,0.02,0.02,0.07,0.07,0.07,0,0,0.01,
17:49:43,8.64,8.62,8.64,-3.32,-3.45,-3.34,4.04,4,4.02,229,-0.08,-0.09,-0.08,-0.01,-0.01,-0.02,-0.03,-0.02,-0.03,
17:49:45,8.72,8.66,8.74,-3.47,-3.49,-3.48,3.76,3.78,3.81,226,0.02,0.03,0.02,0.06,0.06,0.06,-0.01,-0.01,0,
17:49:47,8.52,8.58,8.61,-3.82,-3.79,-3.75,3.9,3.88,3.98,228,-0.07,-0.08,-0.07,0.01,0.01,0.01,-0.02,-0.02,-0.02,
17:49:50,8.72,8.68,8.72,-3.74,-3.8,-3.79,3.73,3.78,3.64,228,-0.02,-0.02,-0.01,0.03,0.04,0.04,-0.03,-0.03,-0.03,
17:49:52,8.43,8.48,8.42,-3.3,-3.25,-3.33,4.18,4.12,4.15,225,-0.06,-0.06,-0.07,0.06,0.06,0.06,-0.04,-0.03,-0.03,
17:49:54,8.69,8.71,8.7,-3.4,-3.45,-3.43,3.83,3.83,3.8,228,-0.13,-0.14,-0.14,0.03,0.03,0.03,-0.03,-0.03,-0.03,
17:49:58,8.61,8.54,8.47,-3.76,-3.7,-3.58,3.82,3.75,3.75,225,-0.15,-0.16,-0.17,0.02,0.01,0.02,-0.02,-0.02,-0.03,
17:50:00,8.5,8.54,8.47,-3.65,-3.61,-3.59,4.08,4.08,4.06,224,-0.1,-0.1,-0.1,0.01,0.01,0.01,-0.02,-0.02,-0.02,
17:50:03,8.46,8.49,8.56,-3.51,-3.41,-3.53,3.91,3.94,4.02,223,-0.14,-0.14,-0.15,0.03,0.03,0.02,-0.03,-0.03,-0.03,
17:50:06,8.66,8.62,8.67,-3.38,-3.46,-3.4,4.02,3.94,3.89,222,-0.1,-0.1,-0.11,-0.02,-0.03,-0.02,-0.05,-0.04,-0.04,
17:50:08,8.51,8.49,8.45,-4.48,-4.46,-4.43,3.86,3.83,3.72,221,-0.14,-0.12,-0.12,0.05,0.04,0.02,-0.02,-0.02,-0.03,
17:50:10,8.51,8.44,8.37,-3.11,-3.17,-3.1,4.23,4.31,4.21,223,-0.09,-0.09,-0.11,0.07,0.07,0.07,-0.04,-0.04,-0.04,
17:50:12,8.65,8.7,8.67,-3.67,-3.68,-3.69,3.67,3.63,3.63,223,-0.04,-0.04,-0.03,0.03,0.03,0.03,-0.05,-0.04,-0.03,
17:50:15,8.49,8.57,8.47,-3.19,-3.21,-3.34,4.21,4.29,4.17,221,-0.06,-0.07,-0.07,0.1,0.1,0.1,0.01,0.01,0.01,
17:50:19,8.44,8.45,8.42,-3.28,-3.25,-3.21,4.13,4.19,4.19,221,-0.06,-0.07,-0.07,0.09,0.08,0.08,-0.01,-0.02,-0.01,
17:50:22,8.52,8.64,8.57,-3.42,-3.43,-3.4,3.94,4.03,3.94,220,-0.08,-0.08,-0.07,0.01,0,0,-0.05,-0.05,-0.04,
17:50:24,8.46,8.51,8.5,-3.39,-3.36,-3.31,4.16,4.12,4.07,220,-0.05,-0.06,-0.05,0.09,0.08,0.08,-0.01,-0.01,-0.01,
17:50:27,8.77,8.76,8.67,-3.5,-3.49,-3.51,3.7,3.79,3.76,218,0,-0.01,-0.01,0.08,0.09,0.09,-0.01,-0.02,-0.01,
17:50:30,8.7,8.72,8.72,-3.58,-3.54,-3.53,3.88,3.83,3.85,218,-0.12,-0.13,-0.13,-0.02,-0.03,-0.02,-0.02,-0.02,-0.02,
17:50:33,8.66,8.72,8.76,-4.24,-4.2,-4.15,3.56,3.56,3.58,218,-0.05,-0.04,-0.03,0.01,0,0.01,-0.02,-0.03,-0.03,
17:50:36,8.71,8.82,8.79,-3.43,-3.44,-3.44,3.66,3.66,3.62,216,-0.04,-0.04,-0.05,0.04,0.03,0.04,-0.06,-0.06,-0.05,
17:50:39,8.82,8.8,8.72,-3.38,-3.45,-3.36,3.56,3.75,3.65,217,-0.06,-0.06,-0.06,0.04,0.05,0.05,-0.01,-0.02,-0.01,
17:50:41,8.51,8.53,8.62,-3.55,-3.52,-3.52,3.99,3.95,4.07,217,-0.13,-0.13,-0.12,-0.02,-0.02,-0.03,-0.02,-0.02,-0.03,
17:50:44,8.48,8.55,8.44,-3.17,-3.27,-3.14,4.05,4.09,4.11,217,-0.01,-0.02,-0.02,0.08,0.08,0.09,-0.03,-0.02,-0.03,
17:50:47,8.83,8.83,8.82,-3.6,-3.59,-3.66,3.6,3.64,3.66,216,0.05,0.04,0.03,0.09,0.09,0.1,-0.04,-0.04,-0.03,
17:50:50,8.69,8.74,8.77,-4.02,-3.94,-3.97,3.55,3.49,3.51,216,-0.06,-0.06,-0.05,0.02,0.01,0.02,-0.02,-0.02,-0.02,
17:50:54,8.72,8.68,8.88,-3.18,-3.22,-3.18,4.05,3.95,3.69,216,-0.15,-0.16,-0.18,0.04,0.02,0,0.01,0,-0.01,
17:50:58,8.78,8.76,8.75,-3.57,-3.53,-3.53,3.6,3.59,3.54,217,-0.06,-0.06,-0.06,0.01,0.02,0.02,-0.03,-0.03,-0.03,
17:51:01,8.66,8.72,8.72,-3.32,-3.3,-3.26,3.88,3.78,3.74,216,-0.12,-0.12,-0.13,0.04,0.05,0.05,-0.03,-0.04,-0.03,
17:51:03,8.79,8.84,8.83,-3.45,-3.48,-3.4,3.62,3.66,3.6,216,-0.12,-0.12,-0.12,-0.01,0,0,-0.02,-0.02,-0.02,
